-- MySQL dump 10.13  Distrib 8.0.35, for Linux (x864)
--
-- Host: localhost    Database: social_network
-- ------------------------------------------------------
-- Server version	8.0.35

/*!40101 SET @OLD_CHARACTER_SET_CLIENT=@@CHARACTER_SET_CLIENT */;
/*!40101 SET @OLD_CHARACTER_SET_RESULTS=@@CHARACTER_SET_RESULTS */;
/*!40101 SET @OLD_COLLATION_CONNECTION=@@COLLATION_CONNECTION */;
/*!50503 SET NAMES utf8mb4 */;
/*!40103 SET @OLD_TIME_ZONE=@@TIME_ZONE */;
/*!40103 SET TIME_ZONE='+00:00' */;
/*!40014 SET @OLD_UNIQUE_CHECKS=@@UNIQUE_CHECKS, UNIQUE_CHECKS=0 */;
/*!40014 SET @OLD_FOREIGN_KEY_CHECKS=@@FOREIGN_KEY_CHECKS, FOREIGN_KEY_CHECKS=0 */;
/*!40101 SET @OLD_SQL_MODE=@@SQL_MODE, SQL_MODE='NO_AUTO_VALUE_ON_ZERO' */;
/*!40111 SET @OLD_SQL_NOTES=@@SQL_NOTES, SQL_NOTES=0 */;

--
-- Table structure for table `alembic_version`
--

DROP TABLE IF EXISTS `alembic_version`;
/*!40101 SET @saved_cs_client     = @@character_set_client */;
/*!50503 SET character_set_client = utf8mb4 */;
CREATE TABLE `alembic_version` (
  `version_num` varchar(32) NOT NULL,
  PRIMARY KEY (`version_num`)
) ENGINE=InnoDB DEFAULT CHARSET=utf8mb4 COLLATE=utf8mb4_0900_ai_ci;
/*!40101 SET character_set_client = @saved_cs_client */;

--
-- Dumping data for table `alembic_version`
--

LOCK TABLES `alembic_version` WRITE;
/*!40000 ALTER TABLE `alembic_version` DISABLE KEYS */;
/*!40000 ALTER TABLE `alembic_version` ENABLE KEYS */;
UNLOCK TABLES;

--
-- Table structure for table `group_members`
--

DROP TABLE IF EXISTS `group_members`;
/*!40101 SET @saved_cs_client     = @@character_set_client */;
/*!50503 SET character_set_client = utf8mb4 */;
CREATE TABLE `group_members` (
  `member_id` int NOT NULL AUTO_INCREMENT,
  `user_id` int NOT NULL,
  `group_id` int NOT NULL,
  `created_at` datetime DEFAULT NULL,
  `updated_at` datetime DEFAULT NULL,
  `admin` tinyint(1) DEFAULT '0',
  PRIMARY KEY (`member_id`,`user_id`,`group_id`),
  UNIQUE KEY `member_id` (`user_id`,`group_id`),
  KEY `group_members_social_groups_fk_idx` (`group_id`),
  CONSTRAINT `group_members_social_groups_fk` FOREIGN KEY (`group_id`) REFERENCES `social_groups` (`group_id`) ON DELETE CASCADE,
  CONSTRAINT `group_members_users_fk` FOREIGN KEY (`user_id`) REFERENCES `users` (`user_id`) ON DELETE CASCADE
) ENGINE=InnoDB AUTO_INCREMENT=332 DEFAULT CHARSET=utf8mb4 COLLATE=utf8mb4_0900_ai_ci;
/*!40101 SET character_set_client = @saved_cs_client */;

--
-- Dumping data for table `group_members`
--

LOCK TABLES `group_members` WRITE;
/*!40000 ALTER TABLE `group_members` DISABLE KEYS */;
INSERT INTO `group_members` VALUES (59,83,2,'2023-11-23 18:48:37',NULL,1),(60,28,3,'2023-11-23 18:50:48',NULL,1),(64,28,2,'2023-11-23 19:00:39',NULL,0),(65,7,4,'2023-11-23 20:28:10',NULL,1),(66,4,4,'2023-11-23 20:28:10',NULL,1),(67,11,6,'2023-11-23 20:28:11',NULL,1),(68,58,7,'2023-11-23 20:28:12',NULL,1),(69,32,7,'2023-11-23 20:28:12',NULL,1),(70,24,9,'2023-11-23 20:28:13',NULL,1),(71,50,10,'2023-11-23 20:28:14',NULL,1),(72,70,11,'2023-11-23 20:28:14',NULL,1),(73,55,12,'2023-11-23 20:28:15',NULL,1),(74,30,13,'2023-11-23 20:28:16',NULL,1),(75,37,13,'2023-11-23 20:28:16',NULL,1),(76,39,15,'2023-11-23 20:28:17',NULL,1),(77,8,16,'2023-11-23 20:28:18',NULL,1),(78,28,17,'2023-11-23 20:28:18',NULL,1),(79,28,18,'2023-11-23 20:28:19',NULL,1),(80,48,19,'2023-11-23 20:28:19',NULL,1),(81,26,20,'2023-11-23 20:28:20',NULL,1),(82,7,21,'2023-11-23 20:28:21',NULL,1),(83,71,22,'2023-11-23 20:28:21',NULL,1),(84,3,2,'2023-11-24 13:56:58',NULL,0),(89,3,22,'2023-11-24 16:00:01',NULL,0),(93,3,26,'2023-11-24 16:03:59',NULL,1),(96,10,2,'2023-11-24 16:56:39',NULL,0),(97,14,2,'2023-11-24 16:56:39',NULL,0),(98,40,2,'2023-11-24 16:56:40',NULL,0),(99,51,2,'2023-11-24 16:56:40',NULL,0),(100,74,2,'2023-11-24 16:56:41',NULL,0),(101,59,2,'2023-11-24 16:56:41',NULL,0),(102,17,2,'2023-11-24 16:56:42',NULL,0),(103,8,2,'2023-11-24 16:56:42',NULL,0),(104,57,2,'2023-11-24 16:56:43',NULL,0),(105,47,2,'2023-11-24 16:56:43',NULL,0),(106,56,2,'2023-11-24 16:56:44',NULL,0),(107,67,2,'2023-11-24 16:56:44',NULL,0),(108,70,2,'2023-11-24 16:56:45',NULL,0),(109,38,2,'2023-11-24 16:56:45',NULL,0),(110,46,2,'2023-11-24 16:56:46',NULL,0),(113,39,2,'2023-11-24 16:56:47',NULL,0),(114,35,3,'2023-11-24 16:56:47',NULL,0),(115,27,3,'2023-11-24 16:56:48',NULL,0),(116,54,3,'2023-11-24 16:56:48',NULL,0),(117,48,3,'2023-11-24 16:56:49',NULL,0),(118,56,3,'2023-11-24 16:56:49',NULL,0),(119,14,3,'2023-11-24 16:56:50',NULL,0),(120,74,4,'2023-11-24 16:56:50',NULL,0),(123,20,4,'2023-11-24 16:56:51',NULL,0),(124,45,4,'2023-11-24 16:56:52',NULL,0),(125,58,4,'2023-11-24 16:56:52',NULL,0),(126,16,5,'2023-11-24 16:56:53',NULL,0),(127,22,5,'2023-11-24 16:56:53',NULL,0),(128,7,5,'2023-11-24 16:56:54',NULL,0),(129,54,5,'2023-11-24 16:56:54',NULL,0),(130,56,5,'2023-11-24 16:56:54',NULL,0),(133,28,5,'2023-11-24 16:56:55',NULL,0),(134,6,5,'2023-11-24 16:56:56',NULL,0),(135,51,5,'2023-11-24 16:56:56',NULL,0),(136,6,6,'2023-11-24 16:56:57',NULL,0),(137,69,6,'2023-11-24 16:56:57',NULL,0),(138,22,6,'2023-11-24 16:56:58',NULL,0),(139,54,6,'2023-11-24 16:56:59',NULL,0),(140,27,6,'2023-11-24 16:56:59',NULL,0),(141,8,6,'2023-11-24 16:57:00',NULL,0),(142,61,7,'2023-11-24 16:57:01',NULL,0),(143,54,7,'2023-11-24 16:57:01',NULL,0),(144,7,7,'2023-11-24 16:57:02',NULL,0),(145,31,7,'2023-11-24 16:57:03',NULL,0),(146,27,7,'2023-11-24 16:57:04',NULL,0),(147,73,7,'2023-11-24 16:57:04',NULL,0),(148,59,7,'2023-11-24 16:57:06',NULL,0),(149,47,8,'2023-11-24 16:57:07',NULL,0),(150,69,8,'2023-11-24 16:57:08',NULL,0),(151,30,8,'2023-11-24 16:57:09',NULL,0),(152,21,8,'2023-11-24 16:57:10',NULL,0),(153,27,8,'2023-11-24 16:57:11',NULL,0),(154,45,8,'2023-11-24 16:57:12',NULL,0),(155,45,9,'2023-11-24 16:57:13',NULL,0),(156,46,9,'2023-11-24 16:57:14',NULL,0),(157,53,9,'2023-11-24 16:57:15',NULL,0),(158,20,9,'2023-11-24 16:57:16',NULL,0),(159,10,9,'2023-11-24 16:57:17',NULL,0),(160,30,9,'2023-11-24 16:57:18',NULL,0),(161,73,9,'2023-11-24 16:57:19',NULL,0),(162,14,9,'2023-11-24 16:57:20',NULL,0),(163,15,9,'2023-11-24 16:57:21',NULL,0),(164,32,9,'2023-11-24 16:57:22',NULL,0),(165,47,9,'2023-11-24 16:57:23',NULL,0),(166,27,9,'2023-11-24 16:57:23',NULL,0),(167,13,9,'2023-11-24 16:57:24',NULL,0),(168,63,9,'2023-11-24 16:57:25',NULL,0),(169,11,9,'2023-11-24 16:57:25',NULL,0),(170,42,9,'2023-11-24 16:57:26',NULL,0),(171,36,9,'2023-11-24 16:57:27',NULL,0),(172,46,10,'2023-11-24 16:57:28',NULL,0),(173,14,10,'2023-11-24 16:57:29',NULL,0),(174,39,10,'2023-11-24 16:57:30',NULL,0),(175,10,10,'2023-11-24 16:57:31',NULL,0),(176,44,10,'2023-11-24 16:57:32',NULL,0),(177,66,11,'2023-11-24 16:57:33',NULL,0),(178,39,11,'2023-11-24 16:57:34',NULL,0),(179,14,11,'2023-11-24 16:57:35',NULL,0),(180,50,11,'2023-11-24 16:57:35',NULL,0),(181,52,11,'2023-11-24 16:57:36',NULL,0),(182,48,11,'2023-11-24 16:57:37',NULL,0),(183,62,11,'2023-11-24 16:57:38',NULL,0),(184,38,11,'2023-11-24 16:57:39',NULL,0),(187,41,11,'2023-11-24 16:57:41',NULL,0),(188,34,11,'2023-11-24 16:57:42',NULL,0),(189,58,11,'2023-11-24 16:57:43',NULL,0),(190,19,11,'2023-11-24 16:57:43',NULL,0),(191,12,11,'2023-11-24 16:57:44',NULL,0),(192,18,11,'2023-11-24 16:57:44',NULL,0),(193,60,11,'2023-11-24 16:57:45',NULL,0),(194,23,11,'2023-11-24 16:57:46',NULL,0),(197,73,11,'2023-11-24 16:57:47',NULL,0),(198,24,11,'2023-11-24 16:57:47',NULL,0),(199,7,11,'2023-11-24 16:57:48',NULL,0),(200,10,11,'2023-11-24 16:57:48',NULL,0),(203,62,12,'2023-11-24 16:57:49',NULL,0),(204,10,12,'2023-11-24 16:57:50',NULL,0),(205,41,12,'2023-11-24 16:57:50',NULL,0),(206,30,12,'2023-11-24 16:57:51',NULL,0),(207,51,12,'2023-11-24 16:57:52',NULL,0),(208,26,12,'2023-11-24 16:57:52',NULL,0),(209,18,12,'2023-11-24 16:57:53',NULL,0),(210,71,12,'2023-11-24 16:57:53',NULL,0),(211,4,12,'2023-11-24 16:57:54',NULL,0),(212,49,12,'2023-11-24 16:57:55',NULL,0),(213,56,12,'2023-11-24 16:57:55',NULL,0),(214,10,13,'2023-11-24 16:57:56',NULL,0),(215,45,13,'2023-11-24 16:57:57',NULL,0),(216,13,13,'2023-11-24 16:57:57',NULL,0),(217,47,13,'2023-11-24 16:57:58',NULL,0),(218,6,13,'2023-11-24 16:57:58',NULL,0),(219,66,13,'2023-11-24 16:57:59',NULL,0),(220,31,13,'2023-11-24 16:58:00',NULL,0),(223,69,13,'2023-11-24 16:58:01',NULL,0),(224,14,13,'2023-11-24 16:58:01',NULL,0),(225,63,13,'2023-11-24 16:58:02',NULL,0),(226,44,13,'2023-11-24 16:58:03',NULL,0),(227,43,13,'2023-11-24 16:58:03',NULL,0),(228,21,13,'2023-11-24 16:58:04',NULL,0),(229,38,13,'2023-11-24 16:58:04',NULL,0),(230,16,13,'2023-11-24 16:58:05',NULL,0),(231,4,13,'2023-11-24 16:58:05',NULL,0),(232,41,13,'2023-11-24 16:58:06',NULL,0),(233,35,13,'2023-11-24 16:58:07',NULL,0),(234,32,13,'2023-11-24 16:58:07',NULL,0),(235,64,14,'2023-11-24 16:58:08',NULL,0),(236,58,14,'2023-11-24 16:58:08',NULL,0),(237,51,14,'2023-11-24 16:58:09',NULL,0),(238,43,14,'2023-11-24 16:58:09',NULL,0),(239,6,14,'2023-11-24 16:58:10',NULL,0),(240,65,14,'2023-11-24 16:58:10',NULL,0),(241,66,14,'2023-11-24 16:58:11',NULL,0),(246,17,14,'2023-11-24 16:58:12',NULL,0),(247,3,14,'2023-11-24 16:58:13',NULL,0),(248,49,14,'2023-11-24 16:58:13',NULL,0),(249,36,14,'2023-11-24 16:58:14',NULL,0),(250,61,14,'2023-11-24 16:58:14',NULL,0),(251,18,14,'2023-11-24 16:58:15',NULL,0),(252,47,14,'2023-11-24 16:58:16',NULL,0),(253,21,14,'2023-11-24 16:58:16',NULL,0),(254,31,14,'2023-11-24 16:58:17',NULL,0),(257,67,14,'2023-11-24 16:58:18',NULL,0),(258,34,14,'2023-11-24 16:58:18',NULL,0),(259,68,14,'2023-11-24 16:58:19',NULL,0),(264,37,15,'2023-11-24 16:58:20',NULL,0),(265,3,15,'2023-11-24 16:58:21',NULL,0),(266,16,15,'2023-11-24 16:58:21',NULL,0),(267,46,15,'2023-11-24 16:58:22',NULL,0),(268,13,15,'2023-11-24 16:58:22',NULL,0),(269,47,15,'2023-11-24 16:58:23',NULL,0),(270,62,15,'2023-11-24 16:58:24',NULL,0),(271,49,15,'2023-11-24 16:58:24',NULL,0),(272,60,15,'2023-11-24 16:58:25',NULL,0),(273,73,15,'2023-11-24 16:58:25',NULL,0),(274,20,15,'2023-11-24 16:58:26',NULL,0),(275,35,15,'2023-11-24 16:58:27',NULL,0),(276,27,15,'2023-11-24 16:58:27',NULL,0),(277,10,15,'2023-11-24 16:58:28',NULL,0),(278,3,16,'2023-11-24 16:58:29',NULL,0),(279,55,16,'2023-11-24 16:58:29',NULL,0),(280,23,16,'2023-11-24 16:58:30',NULL,0),(281,45,16,'2023-11-24 16:58:30',NULL,0),(282,62,16,'2023-11-24 16:58:31',NULL,0),(283,12,16,'2023-11-24 16:58:32',NULL,0),(286,2,16,'2023-11-24 16:58:33',NULL,0),(287,4,16,'2023-11-24 16:58:33',NULL,0),(288,44,16,'2023-11-24 16:58:34',NULL,0),(289,27,16,'2023-11-24 16:58:34',NULL,0),(290,51,16,'2023-11-24 16:58:35',NULL,0),(291,39,16,'2023-11-24 16:58:36',NULL,0),(294,64,16,'2023-11-24 16:58:37',NULL,0),(295,70,16,'2023-11-24 16:58:37',NULL,0),(296,41,16,'2023-11-24 16:58:38',NULL,0),(297,32,16,'2023-11-24 16:58:38',NULL,0),(302,45,17,'2023-11-24 16:58:40',NULL,0),(303,43,17,'2023-11-24 16:58:41',NULL,0),(304,54,17,'2023-11-24 16:58:41',NULL,0),(305,6,17,'2023-11-24 16:58:42',NULL,0),(306,7,17,'2023-11-24 16:58:42',NULL,0),(307,42,17,'2023-11-24 16:58:43',NULL,0),(308,59,17,'2023-11-24 16:58:43',NULL,0),(309,2,17,'2023-11-24 16:58:44',NULL,0),(310,53,17,'2023-11-24 16:58:44',NULL,0),(311,57,18,'2023-11-24 16:58:45',NULL,0),(312,50,18,'2023-11-24 16:58:45',NULL,0),(313,10,18,'2023-11-24 16:58:46',NULL,0),(314,37,18,'2023-11-24 16:58:47',NULL,0),(315,62,18,'2023-11-24 16:58:47',NULL,0),(316,54,18,'2023-11-24 16:58:48',NULL,0),(317,74,18,'2023-11-24 16:58:48',NULL,0),(318,2,18,'2023-11-24 16:58:49',NULL,0),(319,35,18,'2023-11-24 16:58:49',NULL,0),(320,38,18,'2023-11-24 16:58:50',NULL,0),(321,48,18,'2023-11-24 16:58:50',NULL,0),(324,28,19,'2023-11-24 16:58:51',NULL,0),(325,2,19,'2023-11-24 16:58:52',NULL,0),(326,63,19,'2023-11-24 16:58:53',NULL,0),(327,18,19,'2023-11-24 16:58:53',NULL,0),(328,12,19,'2023-11-24 16:58:54',NULL,0),(329,26,19,'2023-11-24 16:58:54',NULL,0),(330,58,19,'2023-11-24 16:58:55',NULL,0);
/*!40000 ALTER TABLE `group_members` ENABLE KEYS */;
UNLOCK TABLES;

--
-- Table structure for table `posts`
--

DROP TABLE IF EXISTS `posts`;
/*!40101 SET @saved_cs_client     = @@character_set_client */;
/*!50503 SET character_set_client = utf8mb4 */;
CREATE TABLE `posts` (
  `post_id` int NOT NULL AUTO_INCREMENT,
  `created_at` datetime DEFAULT NULL,
  `updated_at` datetime DEFAULT NULL,
  `score` float DEFAULT NULL,
  `view_count` int DEFAULT NULL,
  `title` text,
  `user_id` int NOT NULL,
  PRIMARY KEY (`post_id`),
  UNIQUE KEY `post_id` (`post_id`),
  KEY `posts_users_fk` (`user_id`),
  CONSTRAINT `posts_users_fk` FOREIGN KEY (`user_id`) REFERENCES `users` (`user_id`) ON DELETE CASCADE
) ENGINE=InnoDB AUTO_INCREMENT=220 DEFAULT CHARSET=utf8mb4 COLLATE=utf8mb4_0900_ai_ci;
/*!40101 SET character_set_client = @saved_cs_client */;

--
-- Dumping data for table `posts`
--

LOCK TABLES `posts` WRITE;
/*!40000 ALTER TABLE `posts` DISABLE KEYS */;
INSERT INTO `posts` VALUES (1,'2019-09-17 00:00:00','2023-11-28 12:16:03',8,6333,'unit test put post',28),(2,'2019-09-17 00:00:00','2023-11-24 18:06:15',-2,39,'what serverless pattern is recommended when using many models?',67),(3,'2019-09-17 00:00:00','2023-11-24 18:06:17',0,46,'SQL select s subtr value and the real value',14),(4,'2019-09-17 00:00:00','2023-11-24 18:06:19',1,1828,'Load a large xlsx file from INPUT-STREAM throwing OutOfMemoryError Apache POI',58),(5,'2019-09-17 00:00:00','2023-11-24 18:06:22',3,922,'How are fields initialized by the default constructor',41),(6,'2019-09-17 00:00:00','2023-11-24 20:11:46',1,106,'Problem in SQL query(Expected output not coming)',54),(7,'2019-09-17 00:00:00','2023-11-05 10:16:03',-2,460,'How to flatten this json as a tsv?',66),(8,'2019-09-17 00:00:00','2023-11-05 10:16:03',-2,168,'Python regular expression to find the pattern exists in the given string',50),(9,'2019-09-17 00:00:00','2023-11-05 10:16:03',0,49,'How to add a special-case row in a empty Spark DataFrame?',19),(10,'2019-09-17 00:00:00','2023-11-05 10:16:04',0,33,'Trying to seperate a cell by letters followed by numbers',43),(11,'2019-09-17 00:00:00','2023-11-05 10:16:04',3,1690,'phpdoc: PHP Warning: count(): Parameter must be an array or an object that implements Countable',63),(12,'2013-11-14 00:00:00','2023-11-05 10:16:04',0,1406,'jquery prepend then animate div',66),(13,'2013-11-14 00:00:00','2023-11-05 10:16:04',0,187,'Cant output to GUI, can output to console',34),(14,'2013-11-14 00:00:00','2023-11-05 10:16:04',0,225,'How to prevent saving to database from trigger or stored procedure?',34),(15,'2013-11-14 00:00:00','2023-11-05 10:16:05',5,448,'How can I automate the removal of XML Documentation Comments?',26),(16,'2013-11-14 00:00:00','2023-11-05 10:16:05',2,3414,'Front-End Back-End communication iOS app',48),(17,'2013-11-14 00:00:00','2023-11-05 10:16:05',0,79,'jfreechart different series color',70),(18,'2013-11-14 00:00:00','2023-11-05 10:16:05',2,47,'What is the different deploy your web site under the Sites vs Default Web Site',40),(19,'2013-11-14 00:00:00','2023-11-05 10:16:06',4,4001,'AppEngine Timeout with Task Queues',11),(20,'2013-11-14 00:00:00','2023-11-05 10:16:06',1,748,'Gradle: How do I stop Jetty if JMeter test failed',23),(21,'2013-11-14 00:00:00','2023-11-05 10:16:06',7,1308,'Mixing versions of the MSVCRT',28),(22,'2013-11-14 00:00:00','2023-11-05 10:16:06',0,1593,'TNS listener could not find available handler with matching protocol stack?',53),(23,'2013-11-14 00:00:00','2023-11-05 10:16:06',2,769,'Regex \",\\s(.*?),\\s\"\"\"',40),(24,'2013-11-14 00:00:00','2023-11-05 10:16:07',0,42,'Outline hovering effect issues on stacked divs',73),(25,'2013-11-14 00:00:00','2023-11-05 10:16:07',1,1055,'CAS with SavedRequestAwareAuthenticationSuccessHandler no redirecting correctly',2),(26,'2013-11-14 00:00:00','2023-11-05 10:16:07',4,594,'Python UnboundLocalError',12),(27,'2013-11-14 00:00:00','2023-11-05 10:16:07',2,3337,'run a function or alias set in bashrc, or profile through nohup',72),(28,'2013-11-14 00:00:00','2023-11-05 10:16:07',-1,166,'Feature computation in viola and jones',74),(29,'2013-11-14 00:00:00','2023-11-05 10:16:08',-1,34,'How to connect this array to this output',2),(30,'2013-11-14 00:00:00','2023-11-05 10:16:08',124,160740,'How to make a <button> in Bootstrap look like a normal link in nav-tabs?',21),(31,'2013-11-14 00:00:00','2023-11-05 10:16:08',1,90,'Getstore to Buffer, not using temporary files',43),(32,'2013-11-14 00:00:00','2023-11-05 10:16:08',1,924,'Using interstitials from Admob in a Libgdx game for Android, it\"s slow when dismissing it\"',33),(33,'2013-11-14 00:00:00','2023-11-05 10:16:08',3,349,'How to give two different classes the same interface?',10),(34,'2013-11-14 00:00:00','2023-11-05 10:16:09',6,22223,'Difference between putchar(), putch(), fputchar()?',55),(35,'2013-11-14 00:00:00','2023-11-05 10:16:09',0,1957,'Removing padding from box-sizing adds width to div',34),(36,'2013-11-14 00:00:00','2023-11-05 10:16:09',16,35320,'wpf xaml binding to object created in code behind',22),(37,'2013-11-14 00:00:00','2023-11-10 12:11:45',3,892,'Trying to patch a post that does not belong to the leged in user.',1),(38,'2013-11-14 00:00:00','2023-11-05 10:16:09',0,525,'Set GoogleMaps inside Fragment',9),(39,'2013-11-14 00:00:00','2023-11-05 10:16:10',15,53226,'Adding a line break in the title attribute',12),(40,'2013-11-14 00:00:00','2023-11-05 10:16:10',4,622,'how to confirm that netty has tried to read the socket',32),(41,'2013-11-14 00:00:00','2023-11-05 10:16:10',0,2149,'Header file is not being read?',74),(42,'2013-11-14 00:00:00','2023-11-05 10:16:10',1,328,'RSpec stubbing issue -- stub seems to be working but not being received',57),(43,'2013-11-14 00:00:00','2023-11-05 10:16:10',1,2132,'How to check for file updates after 5 min intervals with autoit?',53),(44,'2013-11-14 00:00:00','2023-11-05 10:16:11',6,885,'How to add comment in h:panelGrid without causing it to generate empty TD',1),(45,'2013-11-14 00:00:00','2023-11-05 10:16:11',0,1176,'Unexpected end of input jQuery json',19),(46,'2013-11-14 00:00:00','2023-11-05 10:16:11',2,1295,'ASP.NET MVC 4.0 Chrome Caching',27),(47,'2013-11-14 00:00:00','2023-11-05 10:16:11',0,181,'How can I read \"property\"\" file type in C + + (or Boost), like: language=\"\"en\"\"\"',27),(48,'2013-11-14 00:00:00','2023-11-05 10:16:11',2,5406,'Pixel Shader can access Structured Buffer while Vertex Shader can\"t - is that a DirectX spec?\"',50),(49,'2013-11-14 00:00:00','2023-11-05 10:16:12',4,3647,'relative seek for io.StringIO in python3',58),(51,'2013-11-14 00:00:00','2023-11-05 10:16:12',0,88,'Chosen field in active_admin',61),(52,'2013-11-14 00:00:00','2023-11-05 10:16:12',1,248,'JOOQ mysql bitwise',54),(53,'2013-11-14 00:00:00','2023-11-05 10:16:12',2,985,'How to handle user permissions in a database schema?',17),(54,'2013-11-14 00:00:00','2023-11-05 10:16:13',-1,54,'Searching using inArray',51),(55,'2013-11-14 00:00:00','2023-11-05 10:16:13',1,2413,'change legend title in ggbiplot',61),(56,'2013-11-14 00:00:00','2023-11-05 10:16:13',2,292,'Pull-Over View in iOS 7 Similar to Control Center',2),(57,'2016-08-29 00:00:00','2023-11-05 10:16:13',4,5127,'How to make ChartJS not cut off tooltips?',37),(58,'2016-08-29 00:00:00','2023-11-05 10:16:13',1,1150,'CSS - box-shadow not appearing when using :before and z-index',8),(59,'2016-08-29 00:00:00','2023-11-05 10:16:13',1,149,'The data alone is missing when I try to send from Angular.js to Node.js',14),(60,'2016-08-29 00:00:00','2023-11-05 10:16:14',3,1040,'Using spring-boot Gradle plugin but getting spring boot version from dependency management',31),(61,'2016-08-29 00:00:00','2023-11-05 10:16:14',1,1221,'SignalR with Azure causes Bad gateway error 502',63),(62,'2016-08-29 00:00:00','2023-11-05 10:16:14',1,47,'Organise custom classes',46),(63,'2016-08-29 00:00:00','2023-11-05 10:16:14',0,668,'OSX homebrew error when install gdb: \"\"\"Uninitialized constant Homebrew::FormulaClassUnavailableError\"\"\"',40),(64,'2016-08-29 00:00:00','2023-11-05 10:16:15',0,235,'incorporating my html-css design into ruby on rails',60),(65,'2016-08-29 00:00:00','2023-11-05 10:16:15',1,645,'Android 6 Samsung Touchwiz launcher icons are bigger than of non samsung apps',35),(66,'2016-08-29 00:00:00','2023-11-05 10:16:15',-5,2677,'can i print a setter value (sysout) or do i have to use only getters in order to get an output ? (java)',71),(67,'2016-08-29 00:00:00','2023-11-05 10:16:15',0,1204,'I cannot @include the views inside Bootstrap\"s tab in Laravel 5.1\"',27),(68,'2016-08-29 00:00:00','2023-11-05 10:16:16',0,31,'Echo total in array codeigniter',33),(69,'2016-08-29 00:00:00','2023-11-05 10:16:16',0,492,'I am not using freemarker for struts2, but I see lots of logging generated by freemarker',59),(70,'2016-08-29 00:00:00','2023-11-05 10:16:16',0,197,'CouchDB Referential Integrity',46),(71,'2016-08-29 00:00:00','2023-11-05 10:16:16',0,1739,'Canvas Restart On Button Click',56),(72,'2016-08-29 00:00:00','2023-11-05 10:16:16',3,3042,'Animate Grid Background color',23),(73,'2016-08-29 00:00:00','2023-11-05 10:16:17',-4,69,'Update Query not working. Always catch syntax is running',9),(74,'2016-08-29 00:00:00','2023-11-05 10:16:17',1,42,'removeObject works, but addObject does not, both have the same parameters',52),(75,'2016-08-29 00:00:00','2023-11-05 10:16:17',0,594,'Working with OfflineJS and AngularJS',65),(76,'2016-08-29 00:00:00','2023-11-05 10:16:17',18,7035,'Using jQuery methods on event.target',37),(77,'2016-08-29 00:00:00','2023-11-05 10:16:17',0,1045,'export multiple highcharts with text area for their highcharts to multiple PDF file',11),(78,'2016-08-29 00:00:00','2023-11-05 10:16:18',1,65,'adding pictures to .JAR file',33),(79,'2016-08-29 00:00:00','2023-11-05 10:16:18',1,40,'Why is \"Python --version\"\" command streaming the output to stderr instead of stdout?\"',30),(80,'2016-08-29 00:00:00','2023-11-05 10:16:18',0,36,'Authenticate public-key which is coming from a database',27),(81,'2016-08-29 00:00:00','2023-11-05 10:16:18',13,21706,'How to solve 403 error in scrapy',66),(82,'2016-08-29 00:00:00','2023-11-05 10:16:18',0,3218,'Populating listbox from another listbox selection',70),(83,'2016-08-29 00:00:00','2023-11-05 10:16:19',0,582,'The remote server returned an error: (500) Internal Server Error in mvc',45),(84,'2016-08-29 00:00:00','2023-11-05 10:16:19',1,1852,'How to iterate through all files in IntelliJ plugin project?',35),(85,'2016-08-29 00:00:00','2023-11-05 10:16:19',1,44,'Looping a column in a dataframe while changing its value',52),(86,'2016-08-29 00:00:00','2023-11-05 10:16:19',0,2261,'ImageView/layout rounded circular in XML',14),(87,'2016-08-29 00:00:00','2023-11-05 10:16:19',2,1228,'Is it possible to use Icons with css:before without hardcoding the code?',58),(88,'2016-08-29 00:00:00','2023-11-05 10:16:20',0,71,'Label to display item in array in not visible',68),(89,'2016-08-29 00:00:00','2023-11-05 10:16:20',8,6301,'NULL\"react-native run-android\"\" - BUILD is SUCCESSFUL but get error type 3 Error: Activity class MainActivity does not exist\"',21),(90,'2016-08-29 00:00:00','2023-11-05 10:16:20',0,139,'RequireHttps vs deriving from RequireHttpsAttribute',15),(91,'2013-11-14 00:00:00','2023-11-05 10:16:20',1,124,'Set a group of <span>\"s position based on the lowest <span> in a table jQuery\"',3),(92,'2013-11-14 00:00:00','2023-11-05 10:16:20',214,158522,'How do I add an existing Solution to GitHub from Visual Studio 2013',49),(93,'2013-11-14 00:00:00','2023-11-05 10:16:21',0,95,'Nested Objects in Form Not Updating',13),(94,'2013-11-14 00:00:00','2023-11-05 10:16:21',3,8695,'HTML Table Filter with Columns',33),(95,'2013-11-14 00:00:00','2023-11-05 10:16:21',1,413,'Copy row to separate spreadsheet onEdit of column',70),(96,'2013-11-14 00:00:00','2023-11-05 10:16:21',0,3416,'Why do I get a Fatal Error out of memory in Magento?',15),(97,'2013-11-14 00:00:00','2023-11-05 10:16:21',0,429,'Cannot fill down formulae in table downloaded from ODBC',69),(98,'2013-11-14 00:00:00','2023-11-05 10:16:22',1,2272,'How to Determine the large-arc-flag in Path Arc',57),(99,'2013-11-14 00:00:00','2023-11-05 10:16:22',1,522,'Data modelling in MongoDB',8),(100,'2013-11-14 00:00:00','2023-11-05 10:16:22',0,80,'How to allocate memory for an array of structs, then pass that array to a function, which populates the array in C',56),(101,'2013-11-14 00:00:00','2023-11-05 10:16:22',2,336,'Perl splitting with leading and trailing delimiters',37),(103,'2013-11-14 00:00:00','2023-11-05 10:16:23',5,754,'DataGrid WPF Virtualization and Command CanExecute',16),(104,'2013-11-14 00:00:00','2023-11-05 10:16:23',3,4006,'Access-Control-Allow-Origin error while accessing BOSH in openfire',58),(105,'2013-11-14 00:00:00','2023-11-05 10:16:23',1,3404,'Autostart html5 video on a Webview not working on Android 4.2.2',19),(106,'2013-11-14 00:00:00','2023-11-05 10:16:23',0,139,'A beginners questions about PHP',43),(107,'2013-11-14 00:00:00','2023-11-05 10:16:23',1,2081,'How to count of number of rows in Criteria Api',7),(108,'2013-11-14 00:00:00','2023-11-05 10:16:23',0,527,'Select next record on datasheet subform from separate form?',65),(109,'2013-11-14 00:00:00','2023-11-05 10:16:24',0,587,'CakePHP. Multiple Forms per page',16),(110,'2013-11-14 00:00:00','2023-11-05 10:16:24',0,49,'Slow updates using LIKE on where',11),(111,'2013-11-14 00:00:00','2023-11-05 10:16:24',0,1151,'How can I make the background of elements of my blog transparent in Blogger?',31),(112,'2013-11-14 00:00:00','2023-11-05 10:16:24',0,53,'regexp replace between some slashes',3),(113,'2013-11-14 00:00:00','2023-11-05 10:16:25',6,570,'Lazily partition sequence with LINQ',27),(114,'2013-11-14 00:00:00','2023-11-05 10:16:25',1,424,'OSX Serial read freeze / hang',64),(115,'2013-11-14 00:00:00','2023-11-05 10:16:25',0,415,'django south - stale user model when using AbstractUser',4),(116,'2013-11-14 00:00:00','2023-11-05 10:16:25',0,106,'New build options for web ui on Dart 1.0',31),(117,'2013-11-14 00:00:00','2023-11-05 10:16:25',-6,92,'Using string.replace()',34),(118,'2013-11-14 00:00:00','2023-11-05 10:16:26',0,392,'Mathematica doesn\"t work with big numbers\"',44),(119,'2013-11-14 00:00:00','2023-11-05 10:16:26',0,1353,'How to highlight a button in XAML using Triggers?',55),(120,'2013-11-14 00:00:00','2023-11-05 10:16:26',0,60,'Why are some of my link titles are being placed outside of my <a> tags?',10),(121,'2013-11-14 00:00:00','2023-11-05 10:16:26',0,1144,'Easy GUI way to add data to a Solr index',37),(122,'2013-11-14 00:00:00','2023-11-05 10:16:26',1,187,'generate different exceptions from soap in c#',29),(123,'2013-11-14 00:00:00','2023-11-05 10:16:27',0,36,'C++ SunOS ofstream error',42),(124,'2013-11-14 00:00:00','2023-11-05 10:16:27',-3,694,'Inserting a variable into a list c#',6),(125,'2013-11-14 00:00:00','2023-11-05 10:16:27',1,78,'Switching indexOf to inArray',43),(126,'2013-11-14 00:00:00','2023-11-05 10:16:27',0,253,'can\"t list taxonomies in meta box\"',68),(127,'2013-11-14 00:00:00','2023-11-05 10:16:27',0,109,'Dynamic Column Headings in SELECT statement',6),(128,'2013-11-14 00:00:00','2023-11-05 10:16:28',-1,138,'Checking a number in String Variable',60),(129,'2013-11-14 00:00:00','2023-11-05 10:16:28',1,4640,'Build image location in Crystal Report from report location',32),(130,'2013-11-14 00:00:00','2023-11-05 10:16:28',1,93,'Accessing data in a set',68),(131,'2013-11-14 00:00:00','2023-11-05 10:16:28',0,752,'Building wxWidgets 3.0.0 with nmake - directories created in wrong places',25),(132,'2013-11-14 00:00:00','2023-11-05 10:16:28',0,271,'Populate bar graph from array with core plot',70),(133,'2019-09-17 00:00:00','2023-11-05 10:16:29',1,46,'pass variable of javascript to php to the current page',51),(134,'2019-09-17 00:00:00','2023-11-05 10:16:29',2,577,'Percentage difference between values in dictionary',56),(135,'2019-09-17 00:00:00','2023-11-05 10:16:29',0,61,'Snapping in HorizontalScrollView inside Fragment',58),(136,'2019-09-17 00:00:00','2023-11-05 10:16:29',1,3690,'How to implement an alert dialog in androidX',71),(137,'2019-09-17 00:00:00','2023-11-05 10:16:30',0,337,'How to set size for each element in Row as the smallest element? (reverse IntrinsicWidth or IntrinsicHeight)',37),(138,'2019-09-17 00:00:00','2023-11-05 10:16:30',0,872,'CSV.writer each set entry on a new line',1),(139,'2019-09-17 00:00:00','2023-11-05 10:16:30',2,102,'Solr Facet , how exclude only main query?',4),(140,'2019-09-17 00:00:00','2023-11-05 10:16:30',0,322,'Get data from socket connection without sending it again',29),(141,'2019-09-17 00:00:00','2023-11-05 10:16:30',0,662,'setting up a development environment for Linux device driver',18),(142,'2019-09-17 00:00:00','2023-11-05 10:16:31',2,1746,'AWS SQS BackUp Solution Design',38),(143,'2019-09-17 00:00:00','2023-11-05 10:16:31',0,479,'Creating list of cards of same height with flexbox',26),(144,'2019-09-17 00:00:00','2023-11-05 10:16:31',0,171,'Stale Element Exception, Element not Clickable,Element Click Intercepted & No Such Element error displayed Alternately by same element',31),(145,'2019-09-17 00:00:00','2023-11-05 10:16:31',0,107,'How do I download the HTML code of the url with the images NOT being hidden',31),(146,'2019-09-17 00:00:00','2023-11-05 10:16:32',7,2150,'CPU acceleration status: This user doesn\"t have permissions to use KVM (/dev/kvm) in docker\"',67),(147,'2019-09-17 00:00:00','2023-11-05 10:16:32',1,469,'Laravel - How to load a hasone relation on a hasmany relation',35),(148,'2019-09-17 00:00:00','2023-11-05 10:16:32',1,1480,'Can I use HQL with JPA\"s @Query annotation?\"',58),(149,'2019-09-17 00:00:00','2023-11-05 10:16:32',1,1521,'Kendo DropDownList with Nested Object as TextField',72),(150,'2019-09-17 00:00:00','2023-11-05 10:16:32',0,78,'How to change colors of Pie Chart slices in MVC(Razor HTML)?',65),(151,'2019-09-17 00:00:00','2023-11-05 10:16:32',1,359,'Cassandra Best Practice for Deleting Large Amounts of Rows',54),(152,'2019-09-17 00:00:00','2023-11-05 10:16:33',0,536,'Conflicting versions of celery and kombu while installing airflow',13),(153,'2019-09-17 00:00:00','2023-11-05 10:16:33',-1,498,'VBA IF SUM Function',55),(154,'2019-09-17 00:00:00','2023-11-05 10:16:33',0,184,'How to obtain onComplete with Room Flowable<List<Item>>?',73),(155,'2019-09-17 00:00:00','2023-11-05 10:16:34',1,247,'Android Instant App StartActivityForResult',54),(156,'2019-09-17 00:00:00','2023-11-05 10:16:34',1,97,'Alternating Cycle (T)op/(B)ottom Sequence',59),(157,'2019-09-17 00:00:00','2023-11-05 10:16:34',1,109,'Have Gravity Form inputs show on different modals',23),(158,'2019-09-17 00:00:00','2023-11-05 10:16:34',0,142,'Python snippet to manage regex replacement index map?',4),(159,'2019-09-17 00:00:00','2023-11-05 10:16:35',0,552,'Cassandra count query throwing ReadFailureException',24),(160,'2019-09-17 00:00:00','2023-11-05 10:16:35',0,26,'Need to iterate through array to capture all rows - currently only saving the number in the [0] or first record',51),(161,'2019-09-17 00:00:00','2023-11-05 10:16:35',0,1015,'How to share excel workbook with python?',7),(162,'2019-09-17 00:00:00','2023-11-05 10:16:35',0,262,'Sitemesh3 Decorator only works with JSP extension',73),(163,'2019-09-17 00:00:00','2023-11-05 10:16:36',0,60,'How to do custom settings in s3 to show folder to some users',8),(164,'2019-09-17 00:00:00','2023-11-05 10:16:36',0,146,'How to run command line in c',39),(165,'2019-09-17 00:00:00','2023-11-05 10:16:36',1,311,'Replace XML-element with LINQ to XML',8),(166,'2019-09-17 00:00:00','2023-11-05 10:16:36',1,881,'Hide/Unhide merged cells in excel',35),(167,'2019-09-17 00:00:00','2023-11-05 10:16:36',0,98,'Missing \"Progress Report\"\" option under Test Plans\"',47),(168,'2019-09-17 00:00:00','2023-11-05 10:16:37',11,27940,'Passing parameters to Laravel job is not working',10),(169,'2019-09-17 00:00:00','2023-11-05 10:16:37',1,31,'How to dump an object that is a child of a class (knowing that class casting is impossible in Python)?',44),(170,'2019-09-17 00:00:00','2023-11-05 10:16:37',1,70,'Multiple plots in repeated question yields \"Error in exm[[dups[j]]] : subscript out of bounds\"\"\"',28),(171,'2019-09-17 00:00:00','2023-11-05 10:16:37',2,13544,'Trim String/Text in Flutter',71),(172,'2019-09-17 00:00:00','2023-11-05 10:16:37',1,160,'Where does this space comes from? CSS',47),(173,'2009-02-17 00:00:00','2023-11-05 10:16:37',4,91008,'Updating database records in a loop?',1),(174,'2009-02-17 00:00:00','2023-11-05 10:16:38',0,4749,'PHP Time after midnight problem',62),(175,'2009-02-17 00:00:00','2023-11-05 10:16:38',4,280,'How to achieve the below with Git?',17),(176,'2009-02-17 00:00:00','2023-11-05 10:16:38',1,798,'How do I authenticate for Twitter friends_timeline?',30),(177,'2009-02-17 00:00:00','2023-11-05 10:16:38',0,267,'SharePoint 2007: Single Sign-on Anomaly',52),(178,'2009-02-17 00:00:00','2023-11-05 10:16:38',7,1148,'ServiceContainer, IoC, and disposable objects',20),(179,'2009-02-17 00:00:00','2023-11-05 10:16:39',0,1148,'Looking for Object-Oriented Programming journal',2),(180,'2009-02-17 00:00:00','2023-11-05 10:16:39',23,5377,'Can I pretty-print the DBIC_TRACE output in DBIx::Class?',26),(181,'2009-02-17 00:00:00','2023-11-05 10:16:39',6,3665,'Silverlight Grid Splitter Unexpected Behaviour',24),(182,'2009-02-17 00:00:00','2023-11-05 10:16:39',2,5976,'Equation of a helix parametrized by arc length between two points in space',24),(183,'2009-02-17 00:00:00','2023-11-05 10:16:39',0,1497,'I have RTRIM; how to make LTRIM with regexp',42),(184,'2009-02-17 00:00:00','2023-11-05 10:16:40',2,4432,'How can I send local Email by using exchange with asp.net?',69),(185,'2009-02-17 00:00:00','2023-11-05 10:16:40',0,1719,'Encode dataview value in ASP.NET MVC Actionlink',53),(186,'2009-02-17 00:00:00','2023-11-05 10:16:40',0,296,'Deadlocking lock() method',61),(187,'2009-02-17 00:00:00','2023-11-05 10:16:40',3,399,'Making the leap from Java to C++',25),(188,'2009-02-17 00:00:00','2023-11-05 10:16:40',-6,457,'how to load website (google, yahoo, any site) to canvas',35),(190,'2023-10-19 00:00:00','2023-11-05 10:16:40',1650,988,'test PATCH once again and again!',43),(191,'2023-10-19 00:00:00','2023-11-05 10:16:41',1650,988,'Test unique secret number.',70),(192,'2023-10-23 00:00:00','2023-11-05 10:16:41',9,234,'Tets POST after version 7 changes.',28),(193,'2023-10-23 00:00:00','2023-11-05 10:16:41',6,457,'Tets score limits.',64),(194,'2023-10-24 00:00:00','2023-11-05 10:16:41',6,16,'Test repeated secret number',49),(195,'2023-10-24 00:00:00','2023-11-05 10:16:41',5.6,16116,'Check Post after adding resource count to DB_Session 2',12),(196,'2023-10-31 00:00:00','2023-11-05 10:16:42',1.6,651,'Testing PUT request after token authorization implementation 2.',42),(198,'2023-10-31 00:00:00','2023-11-05 10:16:42',5.6,16116,'I\'m tired of this shit - checking add resource 4',52),(199,'2023-10-31 00:00:00',NULL,5.6,16116,'I\'m tired of this shit - checking add resource 4',3),(200,'2023-10-31 00:00:00',NULL,5.6,16116,'I\'m tired of this shit - checking add resource 5',9),(206,'2023-11-06 11:48:26',NULL,9,10,'User ID automatic insert.',3),(207,'2023-11-06 11:49:51',NULL,9,10,'User ID automatic insert.',3),(209,'2023-11-17 20:39:43',NULL,1,1,'unit test post post via postman',28),(210,'2023-11-17 20:47:21',NULL,1,1,'unit test post post',28),(212,'2023-11-18 10:51:50','2023-11-18 11:33:41',2,1000,'unit test put post with postman',28),(215,'2023-11-18 11:29:23',NULL,1,1,'unit test post post',28),(216,'2023-11-18 11:32:45',NULL,1,1,'unit test post post',28),(217,'2023-11-18 11:35:35',NULL,1,1,'unit test post post',28),(218,'2023-11-18 11:36:36',NULL,1,1,'unit test post post',28),(219,'2023-11-18 11:37:38',NULL,1,1,'unit test post post',28);
/*!40000 ALTER TABLE `posts` ENABLE KEYS */;
UNLOCK TABLES;

--
-- Table structure for table `social_groups`
--

DROP TABLE IF EXISTS `social_groups`;
/*!40101 SET @saved_cs_client     = @@character_set_client */;
/*!50503 SET character_set_client = utf8mb4 */;
CREATE TABLE `social_groups` (
  `group_id` int NOT NULL AUTO_INCREMENT,
  `admin_id` int NOT NULL,
  `title` varchar(100) NOT NULL,
  `details` text NOT NULL,
  `created_at` datetime NOT NULL,
  `updated_at` datetime DEFAULT NULL,
  PRIMARY KEY (`group_id`,`admin_id`),
  UNIQUE KEY `group_id_UNIQUE` (`group_id`),
  UNIQUE KEY `title_UNIQUE` (`title`),
  KEY `social_groups_users_fk_idx` (`admin_id`),
  CONSTRAINT `social_groups_users_fk` FOREIGN KEY (`admin_id`) REFERENCES `users` (`user_id`) ON DELETE CASCADE
) ENGINE=InnoDB AUTO_INCREMENT=28 DEFAULT CHARSET=utf8mb4 COLLATE=utf8mb4_0900_ai_ci;
/*!40101 SET character_set_client = @saved_cs_client */;

--
-- Dumping data for table `social_groups`
--

LOCK TABLES `social_groups` WRITE;
/*!40000 ALTER TABLE `social_groups` DISABLE KEYS */;
INSERT INTO `social_groups` VALUES (2,83,'scrap jet','All about scraping with Selenium and Javascript!','2023-11-23 18:48:37',NULL),(3,28,'linux rangers','Promoting power user applets for all!','2023-11-23 18:50:48',NULL),(4,7,'Data Science Enthusiasts','Exploring the latest trends and techniques in data science.','2023-11-23 20:28:10',NULL),(5,4,'Python Coders Club','A community for Python enthusiasts to share knowledge and collaborate.','2023-11-23 20:28:10',NULL),(6,11,'Machine Learning Mastery','Diving deep into machine learning algorithms and applications.','2023-11-23 20:28:11',NULL),(7,58,'Big Data Explorers','Exploring the world of big data technologies and analytics.','2023-11-23 20:28:12',NULL),(8,32,'SQL Server Pros','Connecting SQL Server professionals to discuss best practices and tips.','2023-11-23 20:28:12',NULL),(9,24,'R Stats and Analytics','Discussing statistical analysis and data visualization using R.','2023-11-23 20:28:13',NULL),(10,50,'JavaScript Wizards','For those passionate about JavaScript and its ecosystem.','2023-11-23 20:28:13',NULL),(11,70,'Cloud Computing Hub','Exploring cloud computing platforms and services.','2023-11-23 20:28:14',NULL),(12,55,'AI Ethics Forum','Discussing the ethical considerations of artificial intelligence.','2023-11-23 20:28:15',NULL),(13,30,'Blockchain Innovators','Exploring the latest developments in blockchain technology.','2023-11-23 20:28:16',NULL),(14,37,'Data Engineering Experts','Focusing on the engineering side of data: ETL, pipelines, and more.','2023-11-23 20:28:16',NULL),(15,39,'TensorFlow Explorers','Delving into the world of TensorFlow and deep learning.','2023-11-23 20:28:17',NULL),(16,8,'Data Visualization Society','Showcasing and discussing creative data visualization techniques.','2023-11-23 20:28:17',NULL),(17,28,'Java Developers Network','A community for Java developers to exchange ideas and code.','2023-11-23 20:28:18',NULL),(18,28,'Kubernetes Koders','Mastering the art of container orchestration with Kubernetes.','2023-11-23 20:28:19',NULL),(19,48,'Web Scraping Warriors','Sharing tips and tricks for effective web scraping.','2023-11-23 20:28:19',NULL),(20,26,'Natural Language Processing Club','Exploring the challenges and advancements in NLP.','2023-11-23 20:28:20',NULL),(21,7,'Cybersecurity Guild','Discussing cybersecurity strategies and best practices.','2023-11-23 20:28:21',NULL),(22,71,'Quantum Computing Enthusiasts','Exploring the future of quantum computing and algorithms.','2023-11-23 20:28:21',NULL),(26,3,'Pydantic warriors','Finding the best validation solutions for your attributes.','2023-11-24 16:03:59',NULL);
/*!40000 ALTER TABLE `social_groups` ENABLE KEYS */;
UNLOCK TABLES;

--
-- Table structure for table `users`
--

DROP TABLE IF EXISTS `users`;
/*!40101 SET @saved_cs_client     = @@character_set_client */;
/*!50503 SET character_set_client = utf8mb4 */;
CREATE TABLE `users` (
  `user_id` int NOT NULL AUTO_INCREMENT,
  `name` varchar(100) NOT NULL,
  `email` varchar(100) NOT NULL,
  `password` varchar(100) NOT NULL,
  `created_at` datetime NOT NULL,
  `updated_at` datetime DEFAULT NULL,
  `last_login` datetime DEFAULT NULL,
  PRIMARY KEY (`user_id`),
  UNIQUE KEY `user_id` (`user_id`),
  UNIQUE KEY `email` (`email`),
  UNIQUE KEY `password` (`password`)
) ENGINE=InnoDB AUTO_INCREMENT=110 DEFAULT CHARSET=utf8mb4 COLLATE=utf8mb4_0900_ai_ci;
/*!40101 SET character_set_client = @saved_cs_client */;

--
-- Dumping data for table `users`
--

LOCK TABLES `users` WRITE;
/*!40000 ALTER TABLE `users` DISABLE KEYS */;
INSERT INTO `users` VALUES (1,'Chad Cummings','chad_cummings@mymail.com','$2b$12$WOQqgkngrYX/d5NSLfqNdOf2bMpXgCX/a.JXrK3G3LqPnhNeV2CpW','2023-11-01 16:56:40',NULL,NULL),(2,'Nina Duran','nina_duran@mymail.com','$2b$12$51i06q9BrEW.UOQMJfwxVelTtaIHkY0h5UXX3wZ9fr4o1n7MNro5m','2023-11-01 16:56:41','2023-11-24 16:58:51','2023-11-24 16:58:52'),(3,'Kim Kent','kim_kent@mymail.com','$2b$12$54BO5.ASTbG.seWfQX1UQuggcs8EeFlR5l7SffnpHCynyAPTUtLD2','2023-11-01 16:56:41','2023-11-28 19:53:31','2023-11-28 19:53:31'),(4,'Alisha Blanchard','alisha_blanchard@mymail.com','$2b$12$ToTi64JtgfxDXIxYdlR.MOm.1nGoc5MpkTG2ptWhnjcmFTSOFBaNm','2023-11-01 16:56:42','2023-11-24 16:58:33','2023-11-24 16:58:33'),(6,'Monte Landry','monte_landry@mymail.com','$2b$12$gQsUrz2/hjybsHe5wodBhOwFGhDxMxo/0Zstd9f08I/Tjxs6TZwIu','2023-11-01 16:56:42','2023-11-24 16:58:41','2023-11-24 16:58:41'),(7,'Malinda Chavez','malinda_chavez@mymail.com','$2b$12$VZf3DlabfyMpBHYMPrEmV.GJvAasgKiOmSHl6nUDF4nCvGvSp3AQG','2023-11-01 16:56:43','2023-11-24 16:58:41','2023-11-24 16:58:42'),(8,'Lois Sharp','lois_sharp@mymail.com','$2b$12$Tn6MDek5BzzlBiFhS1k3tu3BrsSnLmDuQkwJ1ejzWsUvVETEBC0My','2023-11-01 16:56:43','2023-11-24 16:56:59','2023-11-24 16:57:00'),(9,'Ingrid Campbell','ingrid_campbell@mymail.com','$2b$12$YAbvl3.cuVBkLVxM9Cc6runkZrboFHNOJ1fpQt7PMdp1q.FylsGiy','2023-11-01 16:56:44','2023-11-24 16:55:48','2023-11-24 16:55:49'),(10,'Pedro Huang','pedro_huang@mymail.com','$2b$12$a9fmbCFCwfQkSEw6MMl7sOJvyHddLkse578wFM/Tzbd/E5AXUsQ3O','2023-11-01 16:56:44','2023-11-24 16:58:45','2023-11-24 16:58:46'),(11,'Wilson Merritt','wilson_merritt@mymail.com','$2b$12$NzffAGvjanU9QT5c6Rr2.u7D8UkD2.GMb.ENkxUclZ1TLen8a1GVm','2023-11-01 16:56:44','2023-11-24 16:57:25','2023-11-24 16:57:25'),(12,'Howard Shaffer','howard_shaffer@mymail.com','$2b$12$rIxuySjwfKlK4h.8KyoD9..iEofC7HR1rOdhNlBmRl4aEfcQ6.a0y','2023-11-01 16:56:45','2023-11-24 16:58:53','2023-11-24 16:58:53'),(13,'Hipolito Bauer','hipolito_bauer@mymail.com','$2b$12$HPrQ3btsarWjurV2E3H5vekrZhBv/l.urABCi6Mr598B39SWNEAdW','2023-11-01 16:56:45','2023-11-24 16:58:22','2023-11-24 16:58:22'),(14,'Janell Carrillo','janell_carrillo@mymail.com','$2b$12$zsmFpLYRdf1mMe9qC6To/OP5R1HPxL.vqu9BIhKcLmpj7SkVeKx8i','2023-11-01 16:56:45','2023-11-24 16:58:01','2023-11-24 16:58:01'),(15,'Ollie Burton','ollie_burton@mymail.com','$2b$12$aLIwU7t1gYkcpJ9ahlT1seZXS9NPUprv.3rQG3p7Sge2OCnksG0YK','2023-11-01 16:56:46','2023-11-24 16:57:21','2023-11-24 16:57:21'),(16,'Corrine Hurst','corrine_hurst@mymail.com','$2b$12$9vmpMQWsnGbooMbw1CY.8O7ZMtG3gqA9lBgwlbhubeqA20VlWrSbK','2023-11-01 16:56:46','2023-11-24 16:58:21','2023-11-24 16:58:21'),(17,'Rodrigo Boyle','rodrigo_boyle@mymail.com','$2b$12$0dCthdUxBbIQAtQLTZszOO6.Dycjo45mXxjh8FrLeRw.AJoL/9JP.','2023-11-01 16:56:46','2023-11-24 16:58:17','2023-11-24 16:58:17'),(18,'Lawanda Hays','lawanda_hays@mymail.com','$2b$12$3lUcUDeOgybV0yUyA0ZSL.926HkGJ9pqkg3hK/1MyvcvUiOD2oROW','2023-11-01 16:56:47','2023-11-24 16:58:52','2023-11-24 16:58:53'),(19,'Trinidad Gomez','trinidad_gomez@mymail.com','$2b$12$snlTwq0SMSU7Bs1DWlMcguKZyZn047RU634yz//a.bpJyPiEElVb.','2023-11-01 16:56:47','2023-11-24 16:57:43','2023-11-24 16:57:43'),(20,'Oscar Torres','oscar_torres@mymail.com','$2b$12$gwUDh30PTAid.voMKvT/Wu2TjLh0wYNXEkqXTxQgFUYdbHt/CHO3a','2023-11-01 16:56:48','2023-11-24 16:58:25','2023-11-24 16:58:26'),(21,'Mauro Lynch','mauro_lynch@mymail.com','$2b$12$mRhnvn0e/bTM3TUYUo6Gye6Dsoinws8fw6pWNeOH38U5dcOwlimQq','2023-11-01 16:56:48','2023-11-24 16:58:15','2023-11-24 16:58:16'),(22,'Victoria Friedman','victoria_friedman@mymail.com','$2b$12$fXIiM1uEbTIhj0TZ.Iufu.z634eXC1PsLa8Xho7TedZH9fpioJG7K','2023-11-01 16:56:48','2023-11-24 16:56:57','2023-11-24 16:56:58'),(23,'Yvette Lee','yvette_lee@mymail.com','$2b$12$91HdCC/qs/MlhfyCGeYkvOh1aGT/maua.Tl8jaMSojv2VjdbtjYSu','2023-11-01 16:56:49','2023-11-24 16:58:29','2023-11-24 16:58:30'),(24,'Vincent Mcgrath','vincent_mcgrath@mymail.com','$2b$12$geTz8M8IA.zaUFC5mm/ct.MLcE7GZ9rB8jFsgcQgDz1BYxUQHQWS2','2023-11-01 16:56:49','2023-11-24 16:57:47','2023-11-24 16:57:47'),(25,'Bryant Rios','bryant_rios@mymail.com','$2b$12$r4Cfu4gv9lgWtxTdXgNEp.wgbz4L35rGK0O1vjHXXBIXe7F3nW5H.','2023-11-01 16:56:50','2023-11-24 16:56:38','2023-11-24 16:56:38'),(26,'Kimberly Bird','kimberly_bird@mymail.com','$2b$12$XG5VcZ9ZfxZLdPF.R68/vOxvWzt72t/eOVvQAmTy0WwGvFwzp.Z0y','2023-11-01 16:56:50','2023-11-24 16:58:54','2023-11-24 16:58:54'),(27,'Edison Rowe','edison_rowe@mymail.com','$2b$12$aUoV1kQ0upbZhdxI/ENrIeqEj0cAs3eaI8CAAqZWcAWVDVlCZWTs.','2023-11-01 16:56:50','2023-11-24 16:58:38','2023-11-24 16:58:39'),(28,'Sol Rosales','sol_rosales@mymail.com','$2b$12$CkLIOF3aSxa.70UhrU.xjOlDgTJceakZf1nbLV0K4Txc0URM7DlsC','2023-11-01 16:56:51','2023-11-24 16:58:51','2023-11-24 16:58:51'),(29,'Pierre Mendez','pierre_mendez@mymail.com','$2b$12$9ynNmHukZcJd/AaKC9M5MOIqDdmKCBtkIdo9CQ4cSKw0vcwPZGLQG','2023-11-01 16:56:51','2023-11-24 16:55:42','2023-11-24 16:55:42'),(30,'Mallory Morse','mallory_morse@mymail.com','$2b$12$g1IkeYzMvHTZSs1/oSEGJO6yzRxXsNxWy6gpt0rvw5BVipN4u.u.W','2023-11-01 16:56:52','2023-11-24 16:57:50','2023-11-24 16:57:51'),(31,'Ted Franklin','ted_franklin@mymail.com','$2b$12$axiZyCvFF6VLZu5E/eDhkewlgHbPzcT5HzYll3W7kEMYIW18aPrz2','2023-11-01 16:56:52','2023-11-24 16:58:16','2023-11-24 16:58:17'),(32,'Lesley Holt','lesley_holt@mymail.com','$2b$12$oNLEdHylYNaftM5iiMdHtuc4yORCLMQIi9muHiC6vnXecaVAFO4Oe','2023-11-01 16:56:52','2023-11-24 16:58:38','2023-11-24 16:58:38'),(33,'Andrea English','andrea_english@mymail.com','$2b$12$C1sT.SlX5vSmrbGlNkDr6eR1ujPT5/sl8Uq7kXwX.uwmV6XZRQcHS','2023-11-01 16:56:53','2023-11-24 16:55:41','2023-11-24 16:55:41'),(34,'Gregory Humphrey','gregory_humphrey@mymail.com','$2b$12$w//fh7xHLTJAnUzwnCKYiOQSK3dtCXr5PX2.bp4GK2NceEg0oU/pC','2023-11-01 16:56:53','2023-11-24 16:58:18','2023-11-24 16:58:18'),(35,'Milton Moon','milton_moon@mymail.com','$2b$12$F3XaTA/WTTvpyPnKl77Mt.znGiYjPPAdnAQDWStpQ9RB5JRIdJkTa','2023-11-01 16:56:54','2023-11-24 16:58:49','2023-11-24 16:58:49'),(36,'Rudolph Nash','rudolph_nash@mymail.com','$2b$12$u9zWZQpa3OR4DKJnVeuSUeuMXH/SO2eoSSzHE89b/1S6xQHbhBgdS','2023-11-01 16:56:54','2023-11-24 16:58:13','2023-11-24 16:58:14'),(37,'Etta Dawson','etta_dawson@mymail.com','$2b$12$DTVmn/MjUmLkQSUnFIxEUO1bQt.HMsvdX/XHZw16qLoJqwajcaPmi','2023-11-01 16:56:54','2023-11-24 16:58:46','2023-11-24 16:58:46'),(38,'Dannie Mcpherson','dannie_mcpherson@mymail.com','$2b$12$EElSpsIiu7uxbIqMdoYSreS4.Yfa7DaNrwuBXTK0dqlfKWYMbmaVa','2023-11-01 16:56:55','2023-11-24 16:58:49','2023-11-24 16:58:50'),(39,'Alta Perry','alta_perry@mymail.com','$2b$12$j3XSz/SQoMpqufDHhDYgFeqnkSk4HaVoi0/51KE6oM8Sxsf.VtbKm','2023-11-01 16:56:55','2023-11-24 16:58:35','2023-11-24 16:58:35'),(40,'Lorrie Maldonado','lorrie_maldonado@mymail.com','$2b$12$7ePVbuBTg5ofAIXsJfYqiOWEUlwDe2iUD1ij2.QHC5N0XPEzGTq8e','2023-11-01 16:56:56','2023-11-24 16:56:46','2023-11-24 16:56:46'),(41,'Alice Thompson','alice_thompson@mymail.com','$2b$12$qBL4/UgkiFqs8Ioe/yP.Veid1mbZbqiQH./Or8LCSfv548DoGcnpe','2023-11-01 16:56:56','2023-11-24 16:58:39','2023-11-24 16:58:39'),(42,'Delbert Hahn','delbert_hahn@mymail.com','$2b$12$iBGqcJCBsfx.KsljEFiX4OlDZ/7MDBvkPofH4ThEr80VE0bkjAuIa','2023-11-01 16:56:56','2023-11-24 16:58:42','2023-11-24 16:58:43'),(43,'Tobias Burch','tobias_burch@mymail.com','$2b$12$BlEcX2brHngn/jjgI5RNKeNdEMeLxC02W/dyVSNdTiAT60ZpQGydS','2023-11-01 16:56:57','2023-11-24 16:58:40','2023-11-24 16:58:40'),(44,'Luella Garza','luella_garza@mymail.com','$2b$12$GF/7USDRCobOrxOXGJID7.Pgn2AoasQ1CGgpqlKFZtnxPQNmsaqhC','2023-11-01 16:56:57','2023-11-24 16:58:33','2023-11-24 16:58:34'),(45,'Jordan Davidson','jordan_davidson@mymail.com','$2b$12$COtNkrCUpQByVIs37.R1JuqmyLEgwn6goYD09UsKgSfxGysE1AkTO','2023-11-01 16:56:58','2023-11-24 16:58:39','2023-11-24 16:58:40'),(46,'Matthew Hernandez','matthew_hernandez@mymail.com','$2b$12$dTCCMHuTNOCI5gUx/L4LY.VDPyILM91IpgHm7jOhmR73weyExGYSm','2023-11-01 16:56:58','2023-11-24 16:58:21','2023-11-24 16:58:22'),(47,'Jose Herrera','jose_herrera@mymail.com','$2b$12$qulhGOsmR3ttazOJh2iibeABa5B/MSz2U2OrioOpvwaTTLKWE1IpO','2023-11-01 16:56:58','2023-11-24 16:58:22','2023-11-24 16:58:23'),(48,'Alton Orr','alton_orr@mymail.com','$2b$12$RqVlScFCklVnOX.tknHcPOJe6/Z/bmxbIQ4XGyx3bGIDLb3ZWRtu.','2023-11-01 16:56:59','2023-11-24 16:58:50','2023-11-24 16:58:50'),(49,'Joann Walsh','joann_walsh@mymail.com','$2b$12$GZA0K/8PKRn600zbluRZO.xAx0IsGRDawgubmDX2U8.GUjPxlFry.','2023-11-01 16:56:59','2023-11-24 16:58:24','2023-11-24 16:58:24'),(50,'Rex Vaughn','rex_vaughn@mymail.com','$2b$12$jtR.kGo2KeeivnmcWvVaTOXEuhLr1vQODXCtEzlYGtivIJAxk8aDm','2023-11-01 16:57:00','2023-11-24 16:58:50','2023-11-24 16:58:51'),(51,'Tuan Walters','tuan_walters@mymail.com','$2b$12$s9UgCDDaQg2BoDwLGG4qE.Ru7.m/3Bql/idSK5Nfnbuinc1VPBiP2','2023-11-01 16:57:00','2023-11-24 16:58:34','2023-11-24 16:58:35'),(52,'Blaine Harper','blaine_harper@mymail.com','$2b$12$imtYv7yHYKL9oW/uUoO8/e7cIiXuRQJtnXIU5ET9Carv8L9e06acq','2023-11-01 16:57:01','2023-11-24 16:57:35','2023-11-24 16:57:36'),(53,'Minh Ortega','minh_ortega@mymail.com','$2b$12$zMEl0jEvPo4lDdq.GvgT4.b7fzDbHI9pfW6/t5ns9Jqg/sMEJv522','2023-11-01 16:57:01','2023-11-24 16:58:44','2023-11-24 16:58:44'),(54,'Wilford Howard','wilford_howard@mymail.com','$2b$12$MB2Np55BSb1wplfJpPbvPOiiEj4..ZPHdANzPEYT.W9O8GiGSZy2W','2023-11-01 16:57:01','2023-11-24 16:58:47','2023-11-24 16:58:48'),(55,'Laurel Chambers','laurel_chambers@mymail.com','$2b$12$a2IdyLSTkv6nDdtZwrGEGukvPpM9HvQGYvV6LAvAayQYp8ThNWYo6','2023-11-01 16:57:02','2023-11-24 16:58:28','2023-11-24 16:58:29'),(56,'Leandro Gentry','leandro_gentry@mymail.com','$2b$12$S6epGEic3cBC.gCvmCqEFeOQckACdxKISm/Bp/osKib2PP/Qjg3LO','2023-11-01 16:57:02','2023-11-24 16:57:55','2023-11-24 16:57:55'),(57,'Bernadette Valenzuela','bernadette_valenzuela@mymail.com','$2b$12$IWbIGBZMnfnf7kU6IIJGbOI.c.Ns8H4ERg9pzi55qvCGEN7WxWKHq','2023-11-01 16:57:03','2023-11-24 16:58:44','2023-11-24 16:58:45'),(58,'Kathrine Ingram','kathrine_ingram@mymail.com','$2b$12$4gpv8rk1tElAsOkFfEQwwOW5i6qAo7BIwLjLnBhStmwe7sP7OUaSS','2023-11-01 16:57:03','2023-11-24 16:58:54','2023-11-24 16:58:55'),(59,'Stacy Levy','stacy_levy@mymail.com','$2b$12$HNB9/G/87jvviI..dI6KFuk90hGFWsPRcnKvh98tFq6sk7jdQcy9y','2023-11-01 16:57:03','2023-11-24 16:58:43','2023-11-24 16:58:43'),(60,'Dave Avila','dave_avila@mymail.com','$2b$12$NJENBeLInnCANMdZRTWgCeL1/B3aGVkY2V1HvPUBOEQJZfGjotHpS','2023-11-01 16:57:04','2023-11-24 16:58:24','2023-11-24 16:58:25'),(61,'Ezra Sandoval','ezra_sandoval@mymail.com','$2b$12$ewx.q4GV3.6w6ktR0L0Og./xGKGgOu.tUZQsVh/LhmRH23xgFUp2.','2023-11-01 16:57:04','2023-11-24 16:58:19','2023-11-24 16:58:19'),(62,'Benny Peterson','benny_peterson@mymail.com','$2b$12$WfHJAyOKlEnXCgEO46BcOuy7WinlcoU1TYPRHqVeUIfVnUVIRBxkq','2023-11-01 16:57:05','2023-11-24 16:58:47','2023-11-24 16:58:47'),(63,'Althea Brown','althea_brown@mymail.com','$2b$12$tnU5f7enY1T6NdHdhUAx/e0D8mBeHV70.jLg0/LLnbCg7egzBsJhW','2023-11-01 16:57:05','2023-11-24 16:58:52','2023-11-24 16:58:52'),(64,'Arlene Leblanc','arlene_leblanc@mymail.com','$2b$12$GFCCYY0N8tC.oMiLKQVHF.HWoGRnpsjkwoZL/NX/KAFcWn.hKa2yK','2023-11-01 16:57:05','2023-11-24 16:58:36','2023-11-24 16:58:37'),(65,'Shari Rodriguez','shari_rodriguez@mymail.com','$2b$12$dIMoWKyL56dlUKKqIgmQeeq61N/NUH.mbmGwW3gkUcgtY3yZDg68K','2023-11-01 16:57:06','2023-11-24 16:58:10','2023-11-24 16:58:10'),(66,'Columbus Hayes','columbus_hayes@mymail.com','$2b$12$RkXks10R0yogCDvlMesdbOEFi7g6q7RTnVP4h.OMrNLcsuq.JtG/K','2023-11-01 16:57:06','2023-11-24 16:58:10','2023-11-24 16:58:11'),(67,'Dolores Browning','dolores_browning@mymail.com','$2b$12$fFNRRQ8FmmC4/DGWXv4tD.fWj8xaGvR6iy9AfqwhiJlXmqUc2wb8C','2023-11-01 16:57:07','2023-11-24 16:58:17','2023-11-24 16:58:18'),(68,'Hosea Stewart','hosea_stewart@mymail.com','$2b$12$jAfHCmYLQAb.DUG1tyLCout5fqijDz8R449kSpQWSdbZIH/ftUTmC','2023-11-01 16:57:07','2023-11-24 16:58:19','2023-11-24 16:58:20'),(69,'Heriberto Johnson','heriberto_johnson@mymail.com','$2b$12$E.SQpe2RAsnW8dO2D0wfbO2oocanLW437RBq4tBnw0ZnJVBv/kQ8.','2023-11-01 16:57:07','2023-11-24 16:58:00','2023-11-24 16:58:01'),(70,'Deann Meza','deann_meza@mymail.com','$2b$12$ITuXpZuDzk9wkBKW3wCFMOdm66HAVA8wuN3o3WZC640qlPVILiKpy','2023-11-01 16:57:08','2023-11-24 16:58:37','2023-11-24 16:58:37'),(71,'Willian Le','willian_le@mymail.com','$2b$12$ZebpkVPjufCzC00rqSEl3uhnGTnYFQYxEJSWSaVJp0rpupmgZ7Qpq','2023-11-01 16:57:08','2023-11-24 16:57:53','2023-11-24 16:57:53'),(72,'Garth Holden','garth_holden@mymail.com','$2b$12$PIjdO5PRbitfD9g1C6p85ekkO5sxbQf89gTMPBCoQCPrFYdWPRUWW','2023-11-01 16:57:09','2023-11-24 13:46:18','2023-11-24 13:46:19'),(73,'Sondra Blackburn','sondra_blackburn@mymail.com','$2b$12$.SMH6Q5814QHhwl1CaYDWu.DMnGTXFGsvlmjzilp2ljgR8a4obzFK','2023-11-01 16:57:09','2023-11-24 16:58:25','2023-11-24 16:58:25'),(74,'Catherine Bailey','catherine_bailey@mymail.com','$2b$12$HnqSXX5nYSwmESyp5ieXw.TpRn.IE8OMCPb9T96VIp9Xz5nG.iBtG','2023-11-01 16:57:09','2023-11-24 16:58:48','2023-11-24 16:58:48'),(75,'Junior Granada','junior_granada@mymail.com','$2b$12$K4lQ.i7dyYKTWy7Evq5rzul5tJT5MtWMVY9uDYuUVS274vnTYwlOm','2023-11-06 12:44:26',NULL,NULL),(79,'Miriam Anauser Gold','miriam_anauser_gold@mymail.com','$2b$12$QG0OOo1/kP76P15G8TXI.OV9lnfnfgdGr6hOfJUmTplwt0j4HEKwO','2023-11-06 12:51:34','2023-11-06 12:52:44',NULL),(82,'Chito','chito_vera@mymail.com','$2b$12$hGxK4PxgFr4/gp4h.UORhO5O6QaGxlPcIJogfrMLtV7a68100A8Oq','2023-11-07 09:53:15','2023-11-07 09:55:24',NULL),(83,'Vera Goldberg','vera_goldberg@mymail.com','$2b$12$LwkkldXqRAb2u78WG4/eGO1uTdaCXcYsQ4lgKrKHgzI1MQexZWfUy','2023-11-08 10:12:29','2023-11-23 16:50:54','2023-11-23 16:50:54'),(84,'Toni Erdmann','toni_erdmann@mymail.com','$2b$12$3Jkldu/gDoBzsAxCuDgoQOxm7QG/K.Jl4EzW2VS9BJSLJJxsmU6Ou','2023-11-08 10:14:37',NULL,NULL),(86,'Eva Garner','eva_gardner@mymail.com','$2b$12$FmMupBovScobz4khJGdlOuQt20mmALpZaehEL75vsgQkSVr87knnS','2023-11-08 11:53:09',NULL,NULL),(87,'Toby Hill','toby_hill@mymail.com','$2b$12$AHfM8jAYE.n8SNvQ9COh5OsoSfV31aaOWOTcoOjZXKKxH.HkLIcSi','2023-11-08 12:00:19',NULL,NULL),(88,'Barack Obama','barack_Obama@mymail.com','$2b$12$sC41Ac.HAQwYL0/ZiNbqO.IiA9Z.q3QnFZXY37cYM49w4wQJOEf4S','2023-11-08 12:20:11','2023-11-08 12:40:24',NULL),(89,'Trish Baker','trish_baker@mymail.com','$2b$12$PV2bL6C.WlYcyup/KR9kNOwxLL7bzRJWWGED90OFqLGS8MP6xP/FK','2023-11-08 18:12:45',NULL,NULL),(109,'Bloated Joe','bloated_joe@mymail.com','$2b$12$GDVF4aj9ymk/7nCZyBSTdeOCYRQW7WY9pJ7rx0D.DM8twgTPi3SsS','2023-11-10 11:44:07','2023-11-10 11:58:46',NULL);
/*!40000 ALTER TABLE `users` ENABLE KEYS */;
UNLOCK TABLES;

--
-- Table structure for table `votes`
--

DROP TABLE IF EXISTS `votes`;
/*!40101 SET @saved_cs_client     = @@character_set_client */;
/*!50503 SET character_set_client = utf8mb4 */;
CREATE TABLE `votes` (
  `vote_id` int NOT NULL AUTO_INCREMENT,
  `post_id` int NOT NULL,
  `user_id` int NOT NULL,
  `created_at` datetime DEFAULT NULL,
  `updated_at` datetime DEFAULT NULL,
  PRIMARY KEY (`vote_id`,`post_id`,`user_id`),
  UNIQUE KEY `vote_id` (`vote_id`),
  KEY `votes_posts_fk` (`post_id`),
  KEY `votes_users_fk` (`user_id`),
  CONSTRAINT `votes_posts_fk` FOREIGN KEY (`post_id`) REFERENCES `posts` (`post_id`) ON DELETE CASCADE ON UPDATE CASCADE,
  CONSTRAINT `votes_users_fk` FOREIGN KEY (`user_id`) REFERENCES `users` (`user_id`) ON DELETE CASCADE ON UPDATE CASCADE
) ENGINE=InnoDB AUTO_INCREMENT=428 DEFAULT CHARSET=utf8mb4 COLLATE=utf8mb4_0900_ai_ci;
/*!40101 SET character_set_client = @saved_cs_client */;

--
-- Dumping data for table `votes`
--

LOCK TABLES `votes` WRITE;
/*!40000 ALTER TABLE `votes` DISABLE KEYS */;
INSERT INTO `votes` VALUES (5,1,1,'2023-11-13 20:48:15',NULL),(6,1,83,'2023-11-13 20:49:39',NULL),(7,123,51,'2023-11-14 15:49:45',NULL),(8,98,20,'2023-11-14 15:49:46',NULL),(9,190,33,'2023-11-14 15:49:46',NULL),(10,25,9,'2023-11-14 15:49:47',NULL),(11,83,30,'2023-11-14 15:49:47',NULL),(12,104,26,'2023-11-14 15:49:48',NULL),(13,65,33,'2023-11-14 15:49:48',NULL),(14,49,22,'2023-11-14 15:49:48',NULL),(15,38,37,'2023-11-14 15:49:49',NULL),(16,182,18,'2023-11-14 15:49:49',NULL),(17,23,33,'2023-11-14 15:49:50',NULL),(18,15,70,'2023-11-14 15:49:50',NULL),(19,119,40,'2023-11-14 15:49:51',NULL),(20,127,15,'2023-11-14 15:49:51',NULL),(21,66,3,'2023-11-14 15:49:51',NULL),(22,78,43,'2023-11-14 15:49:52',NULL),(23,191,58,'2023-11-14 15:49:52',NULL),(24,148,34,'2023-11-14 15:49:53',NULL),(25,91,62,'2023-11-14 15:49:53',NULL),(26,81,60,'2023-11-14 15:49:54',NULL),(27,62,13,'2023-11-14 15:49:54',NULL),(28,13,54,'2023-11-14 15:49:54',NULL),(29,70,16,'2023-11-14 15:49:55',NULL),(30,119,35,'2023-11-14 15:49:55',NULL),(31,1,40,'2023-11-14 15:49:56',NULL),(32,192,39,'2023-11-14 15:49:56',NULL),(33,159,27,'2023-11-14 15:49:56',NULL),(34,116,71,'2023-11-14 15:49:57',NULL),(35,59,67,'2023-11-14 15:49:57',NULL),(36,174,48,'2023-11-14 15:49:58',NULL),(37,156,21,'2023-11-14 15:49:58',NULL),(38,25,18,'2023-11-14 15:49:59',NULL),(39,45,22,'2023-11-14 15:49:59',NULL),(40,100,38,'2023-11-14 15:49:59',NULL),(41,101,17,'2023-11-14 15:50:00',NULL),(42,61,61,'2023-11-14 15:50:00',NULL),(43,123,49,'2023-11-14 15:50:01',NULL),(44,87,44,'2023-11-14 15:50:01',NULL),(45,62,33,'2023-11-14 15:50:01',NULL),(46,166,16,'2023-11-14 15:50:02',NULL),(47,180,26,'2023-11-14 15:50:02',NULL),(48,83,63,'2023-11-14 15:50:03',NULL),(49,176,51,'2023-11-14 15:52:22',NULL),(50,159,20,'2023-11-14 15:52:23',NULL),(51,198,33,'2023-11-14 15:52:23',NULL),(52,83,9,'2023-11-14 15:52:23',NULL),(53,130,30,'2023-11-14 15:52:24',NULL),(54,200,26,'2023-11-14 15:52:24',NULL),(55,188,33,'2023-11-14 15:52:25',NULL),(56,79,22,'2023-11-14 15:52:25',NULL),(57,113,37,'2023-11-14 15:52:26',NULL),(58,124,18,'2023-11-14 15:52:26',NULL),(59,12,33,'2023-11-14 15:52:26',NULL),(60,114,70,'2023-11-14 15:52:27',NULL),(61,111,40,'2023-11-14 15:52:27',NULL),(62,48,15,'2023-11-14 15:52:28',NULL),(63,12,3,'2023-11-14 15:52:28',NULL),(64,41,43,'2023-11-14 15:52:28',NULL),(65,167,58,'2023-11-14 15:52:29',NULL),(66,147,34,'2023-11-14 15:52:29',NULL),(67,140,62,'2023-11-14 15:52:30',NULL),(68,190,60,'2023-11-14 15:52:30',NULL),(69,157,13,'2023-11-14 15:52:31',NULL),(70,178,54,'2023-11-14 15:52:31',NULL),(71,59,16,'2023-11-14 15:52:31',NULL),(72,194,35,'2023-11-14 15:52:32',NULL),(73,198,40,'2023-11-14 15:52:32',NULL),(74,42,39,'2023-11-14 15:52:33',NULL),(75,75,27,'2023-11-14 15:52:33',NULL),(76,169,71,'2023-11-14 15:52:33',NULL),(77,110,67,'2023-11-14 15:52:34',NULL),(78,101,48,'2023-11-14 15:52:34',NULL),(79,146,21,'2023-11-14 15:52:35',NULL),(80,150,18,'2023-11-14 15:52:35',NULL),(81,177,22,'2023-11-14 15:52:35',NULL),(82,15,17,'2023-11-14 15:52:36',NULL),(83,43,61,'2023-11-14 15:52:37',NULL),(84,45,49,'2023-11-14 15:52:37',NULL),(85,60,44,'2023-11-14 15:52:37',NULL),(86,72,16,'2023-11-14 15:52:38',NULL),(87,195,26,'2023-11-14 15:52:39',NULL),(88,56,63,'2023-11-14 15:52:39',NULL),(89,34,40,'2023-11-14 15:52:39',NULL),(90,22,8,'2023-11-14 15:52:40',NULL),(91,91,48,'2023-11-14 15:52:40',NULL),(92,174,12,'2023-11-14 15:52:41',NULL),(93,87,30,'2023-11-14 15:52:41',NULL),(94,157,11,'2023-11-14 15:52:41',NULL),(95,143,57,'2023-11-14 15:52:42',NULL),(96,24,47,'2023-11-14 15:52:42',NULL),(97,98,27,'2023-11-14 15:52:43',NULL),(98,53,3,'2023-11-14 15:52:43',NULL),(99,51,35,'2023-11-14 15:52:44',NULL),(100,1,33,'2023-11-14 15:52:44',NULL),(101,175,37,'2023-11-14 15:52:45',NULL),(102,159,69,'2023-11-14 15:52:45',NULL),(103,96,44,'2023-11-14 15:52:45',NULL),(104,112,14,'2023-11-14 15:52:46',NULL),(105,111,29,'2023-11-14 15:52:46',NULL),(106,108,24,'2023-11-14 15:52:47',NULL),(107,41,56,'2023-11-14 15:52:47',NULL),(108,180,24,'2023-11-14 15:52:47',NULL),(109,34,59,'2023-11-14 15:52:48',NULL),(110,150,65,'2023-11-14 15:52:48',NULL),(111,23,30,'2023-11-14 15:52:49',NULL),(112,91,18,'2023-11-14 15:52:49',NULL),(113,141,4,'2023-11-14 15:52:49',NULL),(114,25,33,'2023-11-14 15:52:50',NULL),(115,106,68,'2023-11-14 15:52:50',NULL),(116,119,29,'2023-11-14 15:52:51',NULL),(117,55,44,'2023-11-14 15:52:51',NULL),(118,136,24,'2023-11-14 15:52:52',NULL),(119,152,9,'2023-11-14 15:52:52',NULL),(120,78,8,'2023-11-14 15:52:52',NULL),(121,13,70,'2023-11-14 15:52:53',NULL),(122,169,73,'2023-11-14 15:52:53',NULL),(123,118,71,'2023-11-14 15:52:54',NULL),(124,151,71,'2023-11-14 15:52:54',NULL),(125,19,74,'2023-11-14 15:52:55',NULL),(126,86,8,'2023-11-14 15:52:55',NULL),(127,159,61,'2023-11-14 15:52:55',NULL),(128,160,62,'2023-11-14 15:52:56',NULL),(129,78,63,'2023-11-14 15:52:57',NULL),(130,198,54,'2023-11-14 15:52:57',NULL),(131,199,13,'2023-11-14 15:52:57',NULL),(132,137,9,'2023-11-14 15:52:58',NULL),(133,8,58,'2023-11-14 15:52:58',NULL),(134,145,18,'2023-11-14 15:52:59',NULL),(135,28,61,'2023-11-14 15:52:59',NULL),(136,140,41,'2023-11-14 15:53:00',NULL),(137,60,7,'2023-11-14 15:53:00',NULL),(138,126,13,'2023-11-14 15:53:00',NULL),(139,159,10,'2023-11-14 15:53:01',NULL),(140,78,10,'2023-11-14 15:53:01',NULL),(141,14,46,'2023-11-14 15:53:02',NULL),(142,124,6,'2023-11-14 15:53:02',NULL),(143,13,25,'2023-11-14 15:53:02',NULL),(144,184,57,'2023-11-14 15:53:03',NULL),(145,19,7,'2023-11-14 15:53:03',NULL),(146,195,9,'2023-11-14 15:53:04',NULL),(147,164,42,'2023-11-14 15:53:04',NULL),(148,105,43,'2023-11-14 15:53:05',NULL),(149,148,1,'2023-11-14 15:53:05',NULL),(150,121,59,'2023-11-14 15:53:06',NULL),(151,191,41,'2023-11-14 15:53:06',NULL),(152,59,44,'2023-11-14 15:53:06',NULL),(153,155,40,'2023-11-14 15:53:07',NULL),(154,116,31,'2023-11-14 15:53:07',NULL),(155,195,28,'2023-11-14 15:53:08',NULL),(156,187,55,'2023-11-14 15:53:08',NULL),(157,121,21,'2023-11-14 15:53:09',NULL),(158,41,1,'2023-11-14 15:53:09',NULL),(159,145,6,'2023-11-14 15:53:10',NULL),(160,1,44,'2023-11-14 15:53:10',NULL),(161,64,64,'2023-11-14 15:53:10',NULL),(162,91,58,'2023-11-14 15:53:11',NULL),(163,91,4,'2023-11-14 15:53:11',NULL),(164,54,44,'2023-11-14 15:53:12',NULL),(165,163,68,'2023-11-14 15:53:12',NULL),(166,66,25,'2023-11-14 15:53:13',NULL),(167,18,72,'2023-11-14 15:53:13',NULL),(168,193,24,'2023-11-14 15:53:13',NULL),(169,107,57,'2023-11-14 15:53:14',NULL),(170,193,43,'2023-11-14 15:53:15',NULL),(171,89,36,'2023-11-14 15:53:15',NULL),(172,59,57,'2023-11-14 15:53:16',NULL),(173,22,3,'2023-11-14 15:53:16',NULL),(174,187,16,'2023-11-14 15:53:16',NULL),(175,154,38,'2023-11-14 15:53:17',NULL),(176,71,37,'2023-11-14 15:53:17',NULL),(177,55,71,'2023-11-14 15:53:18',NULL),(178,29,11,'2023-11-14 15:53:18',NULL),(179,62,20,'2023-11-14 15:53:19',NULL),(180,14,28,'2023-11-14 15:53:19',NULL),(181,119,42,'2023-11-14 15:53:20',NULL),(182,52,10,'2023-11-14 15:53:20',NULL),(183,6,48,'2023-11-14 15:53:21',NULL),(184,172,58,'2023-11-14 15:53:21',NULL),(185,119,33,'2023-11-14 15:53:21',NULL),(186,84,12,'2023-11-14 15:53:22',NULL),(187,138,59,'2023-11-14 15:53:22',NULL),(188,57,55,'2023-11-14 15:53:23',NULL),(189,187,46,'2023-11-14 15:53:23',NULL),(190,193,6,'2023-11-14 15:53:24',NULL),(191,173,54,'2023-11-14 15:53:24',NULL),(193,100,52,'2023-11-14 15:53:25',NULL),(194,18,14,'2023-11-14 15:53:25',NULL),(195,171,3,'2023-11-14 15:53:26',NULL),(196,141,39,'2023-11-14 15:53:26',NULL),(197,68,8,'2023-11-14 15:53:27',NULL),(198,96,49,'2023-11-14 15:53:27',NULL),(199,66,4,'2023-11-14 15:53:28',NULL),(200,95,58,'2023-11-14 15:53:28',NULL),(201,47,57,'2023-11-14 15:53:29',NULL),(202,30,55,'2023-11-14 15:53:29',NULL),(203,131,43,'2023-11-14 15:53:30',NULL),(204,198,41,'2023-11-14 15:53:30',NULL),(205,5,27,'2023-11-14 15:53:30',NULL),(206,123,32,'2023-11-14 15:53:31',NULL),(207,18,62,'2023-11-14 15:53:31',NULL),(208,66,32,'2023-11-14 15:53:32',NULL),(209,129,68,'2023-11-14 15:53:32',NULL),(210,39,18,'2023-11-14 15:53:33',NULL),(211,154,3,'2023-11-14 15:53:33',NULL),(212,129,31,'2023-11-14 15:53:34',NULL),(213,166,24,'2023-11-14 15:53:34',NULL),(214,42,21,'2023-11-14 15:53:34',NULL),(215,178,22,'2023-11-14 15:53:35',NULL),(216,71,3,'2023-11-14 15:53:35',NULL),(217,67,34,'2023-11-14 15:53:36',NULL),(218,173,10,'2023-11-14 15:53:36',NULL),(219,48,14,'2023-11-14 15:53:37',NULL),(220,62,51,'2023-11-14 15:53:37',NULL),(221,80,70,'2023-11-14 15:53:38',NULL),(222,163,23,'2023-11-14 15:53:38',NULL),(223,165,38,'2023-11-14 15:53:39',NULL),(224,4,11,'2023-11-14 15:53:39',NULL),(225,112,44,'2023-11-14 15:53:40',NULL),(226,22,16,'2023-11-14 15:53:40',NULL),(227,129,17,'2023-11-14 15:53:41',NULL),(228,186,53,'2023-11-14 15:53:41',NULL),(229,125,31,'2023-11-14 15:53:42',NULL),(230,182,51,'2023-11-14 15:53:42',NULL),(231,40,68,'2023-11-14 15:53:42',NULL),(232,170,43,'2023-11-14 15:53:43',NULL),(233,165,67,'2023-11-14 15:53:43',NULL),(234,169,62,'2023-11-14 15:53:44',NULL),(235,5,30,'2023-11-14 15:53:44',NULL),(236,68,29,'2023-11-14 15:53:45',NULL),(237,164,24,'2023-11-14 15:53:45',NULL),(238,186,74,'2023-11-14 15:53:45',NULL),(239,177,71,'2023-11-14 15:53:46',NULL),(240,116,65,'2023-11-14 15:53:46',NULL),(241,135,31,'2023-11-14 15:53:47',NULL),(242,5,20,'2023-11-14 15:53:47',NULL),(243,187,50,'2023-11-14 15:53:48',NULL),(244,104,6,'2023-11-14 15:53:48',NULL),(245,152,1,'2023-11-14 15:53:49',NULL),(246,54,7,'2023-11-14 15:53:49',NULL),(247,22,59,'2023-11-14 15:53:50',NULL),(248,146,46,'2023-11-14 15:53:50',NULL),(249,186,29,'2023-11-14 15:53:51',NULL),(250,8,10,'2023-11-14 15:53:51',NULL),(251,134,23,'2023-11-14 15:53:52',NULL),(252,16,32,'2023-11-14 15:53:52',NULL),(253,177,33,'2023-11-14 15:53:53',NULL),(254,69,17,'2023-11-14 15:53:53',NULL),(255,148,4,'2023-11-14 15:53:53',NULL),(256,177,68,'2023-11-14 15:53:54',NULL),(257,112,6,'2023-11-14 15:53:54',NULL),(258,95,66,'2023-11-14 15:53:55',NULL),(259,65,41,'2023-11-14 15:53:55',NULL),(260,181,61,'2023-11-14 15:53:56',NULL),(261,2,74,'2023-11-14 15:53:56',NULL),(262,29,26,'2023-11-14 15:53:57',NULL),(263,60,70,'2023-11-14 15:53:57',NULL),(264,166,14,'2023-11-14 15:53:58',NULL),(265,126,35,'2023-11-14 15:53:58',NULL),(266,149,15,'2023-11-14 15:53:59',NULL),(267,73,16,'2023-11-14 15:53:59',NULL),(268,26,55,'2023-11-14 15:54:00',NULL),(269,64,60,'2023-11-14 15:54:00',NULL),(270,128,33,'2023-11-14 15:54:01',NULL),(271,85,69,'2023-11-14 15:54:01',NULL),(272,64,44,'2023-11-14 15:54:02',NULL),(273,104,62,'2023-11-14 15:54:02',NULL),(274,58,12,'2023-11-14 15:54:03',NULL),(275,123,19,'2023-11-14 15:54:03',NULL),(276,56,24,'2023-11-14 15:54:04',NULL),(277,48,3,'2023-11-14 15:54:04',NULL),(278,126,54,'2023-11-14 15:54:05',NULL),(279,163,14,'2023-11-14 15:54:05',NULL),(280,64,6,'2023-11-14 15:54:05',NULL),(281,45,65,'2023-11-14 15:54:06',NULL),(282,101,1,'2023-11-14 15:54:06',NULL),(283,148,33,'2023-11-14 15:54:07',NULL),(284,124,2,'2023-11-14 15:54:07',NULL),(285,180,16,'2023-11-14 15:54:08',NULL),(286,175,19,'2023-11-14 15:54:08',NULL),(287,65,60,'2023-11-14 15:54:09',NULL),(288,97,1,'2023-11-14 15:54:09',NULL),(289,85,61,'2023-11-14 15:54:10',NULL),(290,59,65,'2023-11-14 15:54:10',NULL),(291,168,66,'2023-11-14 15:54:10',NULL),(292,178,24,'2023-11-14 15:54:11',NULL),(293,110,40,'2023-11-14 15:54:11',NULL),(294,18,49,'2023-11-14 15:54:12',NULL),(295,149,50,'2023-11-14 15:54:12',NULL),(296,141,6,'2023-11-14 15:54:13',NULL),(297,143,41,'2023-11-14 15:54:13',NULL),(298,115,17,'2023-11-14 15:54:13',NULL),(299,68,13,'2023-11-14 15:54:14',NULL),(300,72,7,'2023-11-14 15:54:14',NULL),(301,5,56,'2023-11-14 15:54:15',NULL),(302,30,66,'2023-11-14 15:54:15',NULL),(303,122,62,'2023-11-14 15:54:16',NULL),(304,186,4,'2023-11-14 15:54:16',NULL),(305,107,53,'2023-11-14 15:54:17',NULL),(306,92,72,'2023-11-14 15:54:17',NULL),(307,11,61,'2023-11-14 15:54:18',NULL),(308,170,14,'2023-11-14 15:54:18',NULL),(309,153,8,'2023-11-14 15:54:19',NULL),(310,59,18,'2023-11-14 15:54:19',NULL),(311,77,29,'2023-11-14 15:54:20',NULL),(312,169,59,'2023-11-14 15:54:20',NULL),(313,24,54,'2023-11-14 15:54:20',NULL),(314,83,36,'2023-11-14 15:54:21',NULL),(315,118,25,'2023-11-14 15:54:21',NULL),(316,47,17,'2023-11-14 15:54:22',NULL),(317,82,70,'2023-11-14 15:54:22',NULL),(318,89,13,'2023-11-14 15:54:23',NULL),(319,72,73,'2023-11-14 15:54:23',NULL),(320,134,40,'2023-11-14 15:54:24',NULL),(321,129,10,'2023-11-14 15:54:24',NULL),(322,137,7,'2023-11-14 15:54:24',NULL),(323,116,37,'2023-11-14 15:54:25',NULL),(324,161,32,'2023-11-14 15:54:25',NULL),(325,200,8,'2023-11-14 15:54:26',NULL),(326,78,21,'2023-11-14 15:54:26',NULL),(327,85,29,'2023-11-14 15:54:27',NULL),(328,103,73,'2023-11-14 15:54:27',NULL),(329,22,10,'2023-11-14 15:54:28',NULL),(330,132,29,'2023-11-14 15:54:28',NULL),(331,86,28,'2023-11-14 15:54:28',NULL),(332,114,67,'2023-11-14 15:54:29',NULL),(334,103,20,'2023-11-14 15:54:30',NULL),(335,69,57,'2023-11-14 15:54:30',NULL),(336,121,24,'2023-11-14 15:54:31',NULL),(337,58,16,'2023-11-14 15:54:31',NULL),(338,122,31,'2023-11-14 15:54:32',NULL),(339,175,54,'2023-11-14 15:54:33',NULL),(340,113,29,'2023-11-14 15:54:33',NULL),(341,136,42,'2023-11-14 15:54:34',NULL),(342,151,18,'2023-11-14 15:54:34',NULL),(343,140,30,'2023-11-14 15:54:35',NULL),(344,109,54,'2023-11-14 15:54:35',NULL),(345,35,70,'2023-11-14 15:54:36',NULL),(346,124,11,'2023-11-14 15:54:36',NULL),(347,95,32,'2023-11-14 15:54:37',NULL),(348,94,25,'2023-11-14 15:54:37',NULL),(349,112,20,'2023-11-14 15:54:38',NULL),(351,130,24,'2023-11-14 15:54:39',NULL),(352,148,26,'2023-11-14 15:54:39',NULL),(353,79,3,'2023-11-14 15:54:40',NULL),(354,36,21,'2023-11-14 15:54:40',NULL),(355,124,27,'2023-11-14 15:54:41',NULL),(356,74,43,'2023-11-14 15:54:41',NULL),(357,44,63,'2023-11-14 15:54:42',NULL),(358,118,18,'2023-11-14 15:54:42',NULL),(359,175,25,'2023-11-14 15:54:43',NULL),(360,170,9,'2023-11-14 15:54:43',NULL),(361,183,73,'2023-11-14 15:54:44',NULL),(362,178,37,'2023-11-14 15:54:44',NULL),(363,130,40,'2023-11-14 15:54:45',NULL),(364,125,41,'2023-11-14 15:54:45',NULL),(365,141,22,'2023-11-14 15:54:46',NULL),(366,107,28,'2023-11-14 15:54:46',NULL),(367,115,27,'2023-11-14 15:54:47',NULL),(368,120,16,'2023-11-14 15:54:47',NULL),(369,157,29,'2023-11-14 15:54:47',NULL),(370,103,3,'2023-11-14 15:54:48',NULL),(371,199,61,'2023-11-14 15:54:48',NULL),(372,35,57,'2023-11-14 15:54:49',NULL),(373,163,18,'2023-11-14 15:54:49',NULL),(374,166,43,'2023-11-14 15:54:50',NULL),(375,191,21,'2023-11-14 15:54:50',NULL),(376,151,42,'2023-11-14 15:54:51',NULL),(377,144,35,'2023-11-14 15:54:51',NULL),(378,58,65,'2023-11-14 15:54:51',NULL),(379,77,30,'2023-11-14 15:54:52',NULL),(380,144,42,'2023-11-14 15:54:52',NULL),(381,45,63,'2023-11-14 15:54:53',NULL),(382,24,64,'2023-11-14 15:54:53',NULL),(383,49,18,'2023-11-14 15:54:54',NULL),(384,178,44,'2023-11-14 15:54:54',NULL),(385,146,20,'2023-11-14 15:54:55',NULL),(386,186,2,'2023-11-14 15:54:55',NULL),(387,145,37,'2023-11-14 15:54:55',NULL),(388,98,42,'2023-11-14 15:54:56',NULL),(389,3,53,'2023-11-14 15:54:57',NULL),(390,155,72,'2023-11-14 15:54:57',NULL),(391,116,52,'2023-11-14 15:54:57',NULL),(392,184,21,'2023-11-14 15:54:58',NULL),(393,194,68,'2023-11-14 15:54:58',NULL),(394,125,49,'2023-11-14 15:54:59',NULL),(395,182,50,'2023-11-14 15:54:59',NULL),(396,23,64,'2023-11-14 15:55:00',NULL),(397,121,31,'2023-11-14 15:55:00',NULL),(398,64,39,'2023-11-14 15:55:01',NULL),(399,110,70,'2023-11-14 15:55:01',NULL),(400,200,23,'2023-11-14 15:55:02',NULL),(401,19,1,'2023-11-14 15:55:02',NULL),(402,117,11,'2023-11-14 15:55:03',NULL),(403,190,38,'2023-11-14 15:55:03',NULL),(404,200,28,'2023-11-14 15:55:04',NULL),(405,119,43,'2023-11-14 15:55:04',NULL),(406,33,4,'2023-11-14 15:55:04',NULL),(407,118,16,'2023-11-14 15:55:05',NULL),(408,146,45,'2023-11-14 15:55:06',NULL),(409,71,50,'2023-11-14 15:55:06',NULL),(410,13,40,'2023-11-14 15:55:07',NULL),(411,72,68,'2023-11-14 15:55:07',NULL),(412,105,35,'2023-11-14 15:55:07',NULL),(413,160,19,'2023-11-14 15:55:08',NULL),(414,4,17,'2023-11-14 15:55:08',NULL),(415,185,39,'2023-11-14 15:55:09',NULL),(416,77,31,'2023-11-14 15:55:09',NULL),(417,136,51,'2023-11-14 15:55:10',NULL),(418,191,50,'2023-11-14 15:55:10',NULL),(419,1,16,'2023-11-14 15:55:11',NULL),(420,188,31,'2023-11-14 15:55:11',NULL),(421,120,54,'2023-11-14 15:55:12',NULL),(422,48,40,'2023-11-14 15:55:12',NULL),(423,174,2,'2023-11-14 15:55:13',NULL),(424,76,48,'2023-11-14 15:55:13',NULL),(425,116,11,'2023-11-14 15:55:14',NULL),(426,174,72,'2023-11-14 15:55:14',NULL),(427,54,23,'2023-11-14 15:55:15',NULL);
/*!40000 ALTER TABLE `votes` ENABLE KEYS */;
UNLOCK TABLES;
/*!40103 SET TIME_ZONE=@OLD_TIME_ZONE */;

/*!40101 SET SQL_MODE=@OLD_SQL_MODE */;
/*!40014 SET FOREIGN_KEY_CHECKS=@OLD_FOREIGN_KEY_CHECKS */;
/*!40014 SET UNIQUE_CHECKS=@OLD_UNIQUE_CHECKS */;
/*!40101 SET CHARACTER_SET_CLIENT=@OLD_CHARACTER_SET_CLIENT */;
/*!40101 SET CHARACTER_SET_RESULTS=@OLD_CHARACTER_SET_RESULTS */;
/*!40101 SET COLLATION_CONNECTION=@OLD_COLLATION_CONNECTION */;
/*!40111 SET SQL_NOTES=@OLD_SQL_NOTES */;

-- Dump completed on 2023-11-29 10:38:37
